OBJECT_NAME,OBJECT_ID,EPOCH,MEAN_MOTION,ECCENTRICITY,INCLINATION,RA_OF_ASC_NODE,ARG_OF_PERICENTER,MEAN_ANOMALY,EPHEMERIS_TYPE,CLASSIFICATION_TYPE,NORAD_CAT_ID,ELEMENT_SET_NO,REV_AT_EPOCH,BSTAR,MEAN_MOTION_DOT,MEAN_MOTION_DDOT
UNKNOWN,,2026-10-06T00:29:55.451616,14.08708810,.0132917,99.3589,304.9538,47.4758,313.7545,0,U,81011,999,2535,.10002E-2,.1822E-4,0
UNKNOWN,,2026-09-26T07:24:27.079200,14.08575185,.0134011,99.3606,294.8626,74.3536,343.6215,0,U,81015,999,2314,.11322E-2,.2067E-4,0
UNKNOWN,,2026-10-06T00:49:08.406048,14.33899792,.0025678,74.0376,132.4140,144.7330,215.5527,0,U,81021,999,2855,.34147E-3,.929E-5,0
UNKNOWN,,2026-10-06T14:33:03.387744,9.33798092,.260205,66.0951,98.3285,91.5693,298.1408,0,U,81036,999,4951,.47105E-2,.2384E-4,0
UNKNOWN,,2026-10-04T12:06:26.694432,13.85852678,.0544459,65.7722,0.1917,164.5536,197.2923,0,U,81052,999,64126,.10114E-2,.3697E-4,0
UNKNOWN,,2026-10-03T12:15:59.478912,13.62342685,.0069482,100.3786,200.9623,34.8998,325.6668,0,U,81069,999,55604,.32788E-2,.2533E-4,0
UNKNOWN,,2026-09-25T12:04:15.411360,13.87211087,.0005468,89.0047,11.8303,258.8960,101.1597,0,U,81072,999,29,.24131E+0,.294207E-2,0
UNKNOWN,,2026-10-06T13:56:57.903936,7.64942070,.3819914,62.8571,96.3028,9.4821,356.1065,0,U,81111,999,29458,.19487E-2,.10847E-3,0
UNKNOWN,,2026-10-05T12:34:39.709344,13.82217059,.0002257,99.9694,21.7618,44.7008,315.4325,0,U,81123,999,64727,.7755E-3,.787E-5,0
UNKNOWN,,2026-10-06T08:30:42.721632,13.82061091,.0022304,82.9255,142.5557,92.6559,267.7154,0,U,81219,999,64862,.35219E-3,.395E-5,0
UNKNOWN,,2026-10-03T12:00:09.339840,14.43895019,.0060009,70.5186,333.3415,280.2905,79.1467,0,U,81228,999,66860,.44956E-3,.1511E-4,0
UNKNOWN,,2026-10-05T18:21:56.112192,14.03649991,.0070037,100.3852,26.9914,5.2280,354.9598,0,U,81254,999,65453,.18145E-2,.2859E-4,0
UNKNOWN,,2026-10-06T08:20:17.107872,14.20561254,.0205176,98.0930,319.4097,231.7640,126.4917,0,U,81279,999,50484,.24439E-3,.607E-5,0
UNKNOWN,,2026-09-30T10:17:15.792864,13.76862155,.0084722,66.7594,319.1112,30.2592,343.5851,0,U,81301,999,64651,.10083E-3,.28E-6,0
UNKNOWN,,2026-10-02T10:53:46.056192,14.56904424,.0129611,98.6974,351.0232,306.5802,115.9620,0,U,81311,999,68235,.50097E-4,.192E-5,0
UNKNOWN,,2026-10-05T15:38:40.282368,13.38131145,.0214541,67.1353,242.7464,189.8083,346.6801,0,U,81317,999,62835,.10451E-3,-.1E-7,0
UNKNOWN,,2026-10-06T09:11:25.380096,14.54564241,.0306216,65.7465,270.0457,155.9014,205.6774,0,U,81323,999,15625,.63966E-3,.501E-4,0
UNKNOWN,,2026-10-06T14:51:57.621024,15.07318578,.0000912,85.8872,39.6173,156.6428,203.4849,0,U,81343,999,49914,.3346E-3,.5082E-4,0
UNKNOWN,,2026-10-01T19:36:51.217344,13.79257641,.0109876,66.7968,70.2452,127.7714,233.3374,0,U,81359,999,64589,.53212E-3,.497E-5,0
UNKNOWN,,2026-10-05T21:05:58.785504,13.45765305,.0724394,65.8818,88.2856,298.2827,54.6953,0,U,81366,999,10593,.11985E-3,.27E-5,0
UNKNOWN,,2026-10-06T14:40:17.661792,14.72322837,.0068061,98.8321,45.7006,154.6408,205.8163,0,U,81371,999,68564,.39993E-3,.2561E-4,0
UNKNOWN,,2026-10-05T16:35:15.825696,14.39174013,.0087193,71.0455,70.5912,333.2694,26.3959,0,U,81386,999,66692,.10053E-2,.3207E-4,0
UNKNOWN,,2026-09-26T23:11:19.317120,12.35646434,.0181379,103.0950,182.7773,0.6338,359.4920,0,U,81390,999,53569,.12813E-2,.121E-5,0
UNKNOWN,,2026-10-06T00:48:32.328864,13.83334416,.0036467,100.4014,302.9237,354.1008,34.5176,0,U,81392,999,64326,.17659E-2,.1898E-4,0
UNKNOWN,,2026-09-14T09:11:39.288768,13.89596879,.0159447,99.4490,314.8088,205.7089,153.6080,0,U,81405,999,60007,.8826E-3,.115E-4,0
UNKNOWN,,2026-10-05T01:53:20.922432,13.12996949,.0860915,65.8186,207.2668,189.0610,169.3990,0,U,81406,999,57257,.20388E-4,-.37E-6,0
UNKNOWN,,2026-09-25T21:42:48.551040,14.07362369,.0083841,98.7136,146.4234,309.8517,49.5298,0,U,81427,999,59215,.33557E-3,.539E-5,0
UNKNOWN,,2026-09-27T22:41:02.193792,13.56112869,.0052027,100.3450,160.9913,75.7762,284.9145,0,U,81438,999,63112,.32483E-2,.2249E-4,0
UNKNOWN,,2026-10-05T10:28:48.633600,12.62737242,.0595953,67.1592,288.1254,19.5568,342.7287,0,U,81439,999,29935,.5723E-3,.153E-5,0
UNKNOWN,,2026-10-05T13:35:52.435104,14.30336104,.0141017,98.9485,203.6061,215.7334,320.6764,0,U,81478,999,66534,.73108E-3,.2066E-4,0
UNKNOWN,,2026-10-06T11:53:15.237600,13.56725260,.0044528,99.9597,161.0672,340.4882,141.5257,0,U,81488,999,63700,.36467E-3,.213E-5,0
UNKNOWN,,2026-10-06T14:12:01.272096,13.86091919,.002857,100.2951,208.1034,329.4684,206.3011,0,U,81497,999,25753,.24577E-2,.279E-4,0
UNKNOWN,,2026-10-06T16:49:30.618048,14.48472362,.0001333,74.0503,23.8493,28.5936,331.5296,0,U,81499,999,52554,.36762E-3,.1352E-4,0
UNKNOWN,,2026-10-05T23:14:02.530176,14.13993363,.0233633,98.1743,341.5720,8.0632,352.4196,0,U,81535,999,42939,.18859E-3,.424E-5,0
UNKNOWN,,2026-10-05T09:04:04.232064,12.56207643,.0029094,101.9673,148.1673,48.1002,128.1777,0,U,81536,999,58905,.34014E-2,.516E-5,0
UNKNOWN,,2026-10-04T12:50:53.696544,14.07259529,.0074981,71.0392,217.1856,65.5795,295.3123,0,U,81537,999,66207,.95679E-4,.119E-5,0
UNKNOWN,,2026-10-05T11:57:15.075360,13.18636093,.0257467,99.0533,169.4039,25.8848,335.4894,0,U,81552,999,61835,.12889E-2,.568E-5,0
UNKNOWN,,2026-10-05T16:22:22.283040,13.31782009,.0253392,67.2976,358.4248,231.6720,206.0959,0,U,81599,999,62461,.27001E-2,.1488E-4,0
UNKNOWN,,2026-10-03T18:25:49.401696,12.81705521,.0122653,56.4350,97.7383,182.4533,177.5805,0,U,81605,999,22402,.19509E-2,.366E-5,0
UNKNOWN,,2026-10-04T21:58:09.794496,12.40082289,.0397714,101.8733,270.8189,319.4176,37.7859,0,U,81614,999,57465,.23794E-1,.4143E-4,0
UNKNOWN,,2026-10-05T18:15:58.893984,13.35214959,.0773303,65.8241,89.2883,357.7912,1.9779,0,U,81615,999,62250,.22722E-3,.58E-5,0
UNKNOWN,,2026-10-05T21:38:44.139264,12.57745114,.0033438,101.2876,85.7455,6.7462,353.4058,0,U,81617,999,59046,.1439E-2,.2E-5,0
UNKNOWN,,2026-10-06T02:58:18.380640,14.74234381,.0062796,66.9738,62.7668,340.1126,19.7549,0,U,81624,999,68350,.46918E-3,.3093E-4,0
UNKNOWN,,2026-10-06T13:50:50.989920,12.57396844,.0989884,65.8234,242.8383,316.7111,36.0071,0,U,81640,999,54752,.25893E-3,.236E-5,0
UNKNOWN,,2026-10-01T20:05:30.585120,13.44727639,.036432,102.1477,229.1371,63.5423,327.7104,0,U,81652,999,61804,.8649E-3,.696E-5,0
UNKNOWN,,2026-10-06T11:31:34.369824,14.49307828,.0013099,74.0392,198.6723,56.2022,304.0383,0,U,81667,999,49976,.31309E-3,.1169E-4,0
UNKNOWN,,2026-10-06T09:56:44.503008,14.10507870,.0024836,66.8240,334.2920,352.4399,22.7943,0,U,81674,999,65569,.47446E-3,.768E-5,0
UNKNOWN,,2026-10-06T10:37:40.970784,14.59145237,.0025337,81.2145,340.9033,107.2261,253.1713,0,U,81683,999,67925,.37507E-3,.1789E-4,0
UNKNOWN,,2026-09-25T07:57:23.966496,12.26271357,.0378636,101.1211,303.7716,261.9066,93.8883,0,U,81693,999,13,.28215E-2,.359E-5,0
UNKNOWN,,2026-09-30T22:52:30.501984,14.41553779,.0003797,70.9975,107.1780,114.0046,246.1488,0,U,81745,999,67184,.30024E-3,.926E-5,0
UNKNOWN,,2026-10-03T05:39:28.083744,12.77694480,.0363648,99.6716,268.7762,285.3444,140.3856,0,U,81749,999,59961,.38441E-3,.74E-6,0
UNKNOWN,,2026-10-05T10:08:33.444384,14.44165358,.0016728,82.9176,337.5964,47.0911,313.1684,0,U,81775,999,66805,.11314E-2,.3903E-4,0
UNKNOWN,,2026-10-03T00:42:05.845248,13.11664198,.0883502,65.8036,153.8294,152.2125,212.9154,0,U,81792,999,11862,.51008E-3,.132E-4,0
UNKNOWN,,2026-10-06T14:43:48.965952,12.39560199,.0306108,103.6816,234.1509,77.4148,286.0958,0,U,81812,999,57744,.40211E-1,.6233E-4,0
UNKNOWN,,2026-10-04T16:50:11.240736,13.90151666,.0162105,66.2363,277.8068,73.0135,288.8632,0,U,81816,999,65047,.40778E-3,.481E-5,0
UNKNOWN,,2026-10-01T06:33:57.014784,12.48039601,.0034309,102.1810,20.6779,282.9356,76.7881,0,U,81819,999,58450,.42642E-2,.587E-5,0
UNKNOWN,,2026-10-05T21:28:20.479008,14.37941038,.0040215,65.8385,243.9923,194.6357,165.3577,0,U,81824,999,66728,.89184E-3,.2631E-4,0
UNKNOWN,,2026-10-04T04:18:30.079584,14.60086537,.0034496,67.7582,211.6649,81.5725,350.7263,0,U,81838,999,67642,.62983E-3,.2969E-4,0
UNKNOWN,,2026-10-06T15:38:47.732640,14.36058612,.0056973,82.9103,37.7723,316.8944,42.7791,0,U,81844,999,66560,.13197E-2,.3926E-4,0
UNKNOWN,,2026-10-05T18:17:33.188352,14.86570119,.0086568,97.6798,100.4894,47.1003,325.9134,0,U,81845,999,69363,.12884E-3,.1165E-4,0
UNKNOWN,,2026-10-02T18:35:03.331104,13.33098125,.0771512,65.6686,98.8909,247.0155,104.7745,0,U,81864,999,59002,.16925E-3,.375E-5,0
UNKNOWN,,2026-10-06T03:22:06.159648,13.88699811,.0060172,82.8059,158.9410,238.5340,274.9359,0,U,81865,999,64981,.57102E-3,.713E-5,0
UNKNOWN,,2026-10-03T06:40:42.836448,13.77259908,.0020356,100.0647,281.3202,232.8734,127.0554,0,U,81893,999,64461,.64612E-3,.592E-5,0
UNKNOWN,,2026-10-06T15:37:11.463168,13.21115947,.0176998,102.4139,80.3653,302.3498,56.0583,0,U,81899,999,61831,.20399E-2,.846E-5,0
UNKNOWN,,2026-10-05T20:46:44.586912,13.16000595,.0852866,65.7035,98.1090,346.5933,11.3645,0,U,81921,999,6487,.13321E-3,.262E-5,0
UNKNOWN,,2026-09-09T13:24:09.312768,12.42730267,.0679901,66.4207,351.5308,221.3303,149.3405,0,U,81946,999,58153,.14134E-2,.388E-5,0
UNKNOWN,,2026-10-03T02:39:39.456576,14.55605801,.0377101,66.0715,64.8136,318.9424,38.3846,0,U,81947,999,67382,.1412E-3,.1471E-4,0
UNKNOWN,,2026-10-06T07:13:30.911808,13.95957500,.0043417,66.5836,239.6726,252.8380,106.7944,0,U,81964,999,65557,.14267E-3,.117E-5,0
UNKNOWN,,2026-10-06T07:26:02.802624,15.16916471,.0005817,86.6862,23.4761,134.5439,225.6279,0,U,81969,999,48520,.47414E-3,.938E-4,0
UNKNOWN,,2026-10-04T03:33:20.368224,14.06750363,.0495275,65.7444,69.1219,150.3974,212.6150,0,U,81995,999,64574,.95776E-3,.4857E-4,0
UNKNOWN,,2026-10-06T14:10:14.769408,14.33877872,.022649,97.9683,49.2923,266.8137,90.7116,0,U,82043,999,61651,.32797E-3,.1169E-4,0
UNKNOWN,,2026-10-04T00:17:37.149792,14.38754741,.0089563,98.7417,12.4722,105.9908,255.1167,0,U,82051,999,61483,.85034E-3,.269E-4,0
UNKNOWN,,2026-10-05T09:11:10.350816,14.40217428,.0205262,97.7203,331.0639,100.7814,261.6555,0,U,82073,999,61780,.3458E-3,.1361E-4,0
UNKNOWN,,2026-10-06T03:52:06.900672,14.16724427,.0080526,99.0058,355.5900,277.7417,81.4619,0,U,82139,999,52221,.7709E-3,.1544E-4,0
UNKNOWN,,2026-10-06T13:53:10.733280,13.55561201,.0043965,100.4487,226.3732,234.5646,125.1380,0,U,82162,999,54463,.32224E-2,.2204E-4,0
UNKNOWN,,2026-10-06T16:24:39.641760,14.59694946,.0271503,65.6486,159.6146,58.8965,303.8473,0,U,82180,999,64512,.11343E-2,.899E-4,0
UNKNOWN,,2026-10-05T13:33:50.437440,14.35381919,.0016776,74.0345,223.9720,338.5986,21.4462,0,U,82189,999,67500,.65134E-4,.161E-5,0
UNKNOWN,,2026-10-06T13:06:24.407712,13.86057037,.0035827,82.9703,9.9291,268.4333,104.4104,0,U,82199,999,65094,.26252E-3,.319E-5,0
UNKNOWN,,2026-10-03T04:22:49.964736,13.94718994,.050827,63.0034,128.1718,322.9363,33.7559,0,U,82205,999,64905,.20351E-3,.673E-5,0
UNKNOWN,,2026-10-06T16:35:01.974912,14.13071173,.0066117,99.2998,182.2565,234.4624,125.0370,0,U,82223,999,49085,.63763E-3,.1167E-4,0
UNKNOWN,,2026-10-06T17:22:31.727712,14.15643610,.0071683,98.8986,189.5264,63.1456,326.0479,0,U,82250,999,65877,.10762E-2,.2118E-4,0
UNKNOWN,,2026-09-25T14:54:14.421600,12.33719713,.0756208,67.5280,41.0468,282.3422,69.3994,0,U,82272,999,30732,.20461E-2,.617E-5,0
UNKNOWN,,2026-10-04T23:22:51.590208,14.02484716,.0064805,81.9319,103.5723,241.2589,272.0001,0,U,82303,999,55573,.13788E-1,.21657E-3,0
UNKNOWN,,2026-10-06T09:15:52.045920,13.54902913,.0108104,99.4093,324.4124,275.2857,83.5954,0,U,82311,999,59062,.78609E-3,.518E-5,0
UNKNOWN,,2026-09-29T01:20:44.958624,13.15808757,.0457728,66.9385,292.2422,338.8114,19.4490,0,U,82363,999,32845,.52933E-3,.279E-5,0
UNKNOWN,,2026-10-04T06:39:50.408928,13.98314668,.0082571,98.8900,288.3207,241.6397,117.6423,0,U,82369,999,59847,-.66274E-4,-.141E-5,0
UNKNOWN,,2026-10-06T11:18:00.040320,14.94422347,.0005155,98.3710,166.3618,274.9910,85.0720,0,U,82381,999,55509,.16711E-2,.17984E-3,0
UNKNOWN,,2026-10-06T13:30:09.696672,15.06779695,.0011662,86.6520,26.3726,160.6704,199.4977,0,U,82402,999,49927,.28127E-3,.4222E-4,0
UNKNOWN,,2026-10-06T00:26:26.972736,14.59489288,.0056059,74.0051,133.0814,224.6508,135.0136,0,U,82432,999,52626,.15408E-3,.715E-5,0
UNKNOWN,,2026-10-06T08:43:03.200736,15.07118128,.0000255,85.8786,39.7724,182.1611,177.9623,0,U,82448,999,48182,.28918E-3,.4373E-4,0
UNKNOWN,,2026-10-01T20:19:31.268352,12.39731707,.0094498,102.2176,236.5421,27.1677,333.4287,0,U,82453,999,58238,.30312E-3,-.5E-7,0
UNKNOWN,,2026-09-26T22:54:10.400256,14.24681528,.005503,66.5107,151.3502,183.8015,176.2669,0,U,82458,999,65107,.87888E-3,.1995E-4,0
UNKNOWN,,2026-10-05T23:28:26.723712,13.55911495,.0044724,99.3418,290.1234,159.7991,200.4929,0,U,82484,999,63091,.19974E-3,.99E-6,0
UNKNOWN,,2026-10-06T08:34:14.424960,14.96269522,.0007816,74.0031,143.5354,196.9649,163.1276,0,U,82494,999,12934,.11154E-2,.12591E-3,0
UNKNOWN,,2026-10-05T05:03:11.717856,14.20349363,.0120413,70.9634,95.2884,22.8611,337.7810,0,U,82500,999,66102,.69219E-3,.1547E-4,0
UNKNOWN,,2026-10-04T20:17:23.152704,14.37447205,.0127564,73.2805,332.5118,87.3757,34.0578,0,U,82524,999,61955,.50655E-3,.1632E-4,0
UNKNOWN,,2026-10-05T17:07:43.476960,13.91311078,.0009177,100.0116,248.7950,248.8249,286.6971,0,U,82560,999,65315,.54737E-3,.64E-5,0
UNKNOWN,,2026-10-03T02:58:03.493920,14.36652585,.0085646,66.7703,92.1721,90.8262,270.2655,0,U,82597,999,67125,.25989E-3,.711E-5,0
UNKNOWN,,2026-10-05T16:37:12.997920,14.49748771,.0039308,74.0280,46.0686,276.2641,83.4042,0,U,82617,999,67985,.90557E-4,.323E-5,0
UNKNOWN,,2026-09-26T08:05:06.593568,13.16676344,.0014656,82.4772,43.4728,124.2262,263.6743,0,U,82627,999,61667,.10041E-2,.397E-5,0
UNKNOWN,,2026-10-05T00:24:32.900544,14.08224913,.0134173,98.9655,191.7243,126.0690,235.2994,0,U,82642,999,65782,.50599E-3,.895E-5,0
UNKNOWN,,2026-10-05T08:58:31.246464,14.20774578,.0208161,98.1388,329.6524,246.3005,111.6210,0,U,82683,999,50438,.26418E-3,.666E-5,0
UNKNOWN,,2026-10-05T22:47:48.347232,13.70865976,.0044095,100.5301,275.1101,3.8574,356.2901,0,U,82693,999,59446,.18811E-2,.1636E-4,0
UNKNOWN,,2026-10-04T17:30:23.293728,13.30351323,.0703131,61.6031,76.9044,38.6026,326.3146,0,U,82698,999,57774,.26564E-3,.395E-5,0
UNKNOWN,,2026-09-28T10:08:48.446880,12.91075362,.0067511,102.1457,147.4879,56.1272,304.6220,0,U,82708,999,56089,.39507E-2,.1007E-4,0
UNKNOWN,,2026-10-04T22:40:30.110880,12.18103748,.0835964,67.9736,353.5126,168.1326,194.0793,0,U,82729,999,57127,.13165E-2,.362E-5,0
UNKNOWN,,2026-10-01T21:52:02.595360,13.83475444,.0170256,99.1132,66.7074,227.2765,286.7724,0,U,82739,999,64663,.101E-2,.1201E-4,0
UNKNOWN,,2026-10-06T04:35:24.084672,13.67374539,.0195759,102.8448,55.7403,318.2433,40.3900,0,U,82741,999,63771,.2626E-2,.2452E-4,0
UNKNOWN,,2026-09-19T10:56:30.858144,14.23972341,.0030149,82.9509,326.5773,45.1891,327.5395,0,U,82798,999,35231,.50666E-3,.1184E-4,0
UNKNOWN,,2026-10-03T19:57:37.559808,14.36652116,.0046604,99.7886,122.4138,253.8761,105.7288,0,U,82820,999,66798,.48782E-3,.1399E-4,0
UNKNOWN,,2026-10-06T01:01:01.740000,13.88705212,.012368,82.6918,191.2342,156.2140,204.4809,0,U,82854,999,64905,.95444E-3,.1238E-4,0
UNKNOWN,,2026-10-06T13:37:03.663264,14.26259796,.003637,99.9939,219.9259,172.1865,187.9884,0,U,82873,999,66366,.86818E-3,.2042E-4,0
UNKNOWN,,2026-10-06T05:27:21.615264,14.15577772,.0377052,98.7076,260.9170,149.4604,212.9126,0,U,82875,999,58655,.62325E-4,.191E-5,0
UNKNOWN,,2026-10-05T19:55:50.797056,14.35861019,.0023443,98.9673,49.7285,249.3784,110.4886,0,U,82893,999,46655,.18101E-2,.5217E-4,0
UNKNOWN,,2026-10-05T12:51:32.716512,13.29209416,.0755907,65.8340,209.4299,133.1119,233.5754,0,U,82912,999,61875,.32073E-3,.665E-5,0
UNKNOWN,,2026-10-05T14:41:44.486880,13.29290797,.0360912,99.6714,62.0209,19.0601,342.3638,0,U,82961,999,59508,.10455E-1,.6875E-4,0
UNKNOWN,,2026-10-06T11:41:31.723872,13.60549270,.0002348,100.1098,13.6460,132.7688,227.3648,0,U,82965,999,56493,.86834E-3,.606E-5,0
UNKNOWN,,2026-10-02T22:57:15.642720,0.99115879,.0124604,5.4684,288.1799,259.7258,125.0826,0,U,83903,999,4658,0,-.323E-5,0
UNKNOWN,,2026-10-06T13:08:51.671328,1.02664259,.0237389,5.1231,295.7697,278.8876,92.4771,0,U,83934,999,4834,0,-.347E-5,0
UNKNOWN,,2026-09-30T18:45:46.695744,2.16232061,.6137268,22.8453,118.1311,162.6424,234.7276,0,U,84006,999,9054,0,.9E-7,0
UNKNOWN,,2026-10-05T22:10:06.199968,3.33864818,.6439271,20.3465,95.3725,27.1765,355.4413,0,U,84232,999,11440,.35559E-2,.4389E-4,0
UNKNOWN,,2026-10-06T04:26:38.844384,2.63102405,.6905469,8.9979,198.3235,1.8660,359.7027,0,U,84236,999,12180,.78453E-2,.1468E-4,0
UNKNOWN,,2026-10-04T02:38:39.282432,6.23104659,.4534861,23.8258,111.1544,231.7951,78.0194,0,U,84292,999,24647,.65162E-3,.899E-5,0
UNKNOWN,,2026-09-20T05:30:56.003904,12.67647254,.004756,101.7444,56.3037,202.3336,332.2102,0,U,84406,999,8495,.15952E-2,.261E-5,0
UNKNOWN,,2026-10-04T21:48:46.699776,2.05826328,.723943,18.6160,233.7553,224.2012,47.7926,0,U,84407,999,8197,-.27158E-1,-.673E-5,0
UNKNOWN,,2026-09-22T08:09:47.190528,2.19915006,.713172,18.6855,62.5030,197.2475,112.9008,0,U,84575,999,7170,.9634E-2,.246E-5,0
UNKNOWN,,2026-10-06T13:12:13.848192,3.00172623,.6551154,2.2263,70.7714,28.8620,286.9342,0,U,84932,999,14072,-.41643E-2,-.386E-5,0
UNKNOWN,,2026-10-06T04:54:26.581248,14.41696543,.0046579,98.4581,251.6567,349.6605,22.6317,0,U,85004,999,67375,.20224E-3,.623E-5,0
UNKNOWN,,2026-10-06T02:35:17.867616,14.18160053,.0006156,98.8379,330.4681,17.2882,342.8502,0,U,85006,999,1879,.7776E-3,.1553E-4,0
UNKNOWN,,2026-10-05T08:48:56.884320,13.75619948,.0023746,99.2238,136.0230,193.3754,342.0274,0,U,85010,999,64469,.77804E-3,.709E-5,0
UNKNOWN,,2026-10-05T00:55:07.214016,14.62581182,.0015009,74.0501,191.0579,14.6148,345.5450,0,U,85015,999,68592,.56057E-4,.255E-5,0
UNKNOWN,,2026-10-02T11:48:14.156064,14.90515120,.0002782,99.8319,3.3494,166.6742,259.5714,0,U,85023,999,67237,.15727E-2,.15314E-3,0
UNKNOWN,,2026-10-05T23:57:37.656000,13.74356489,.0171178,66.0393,93.5537,27.1445,333.8441,0,U,85027,999,64546,.13016E-3,.58E-6,0
UNKNOWN,,2026-10-06T08:34:57.468576,13.50708884,.0107398,102.1709,313.5545,82.0234,279.3063,0,U,85047,999,61675,.12402E-1,.8219E-4,0
UNKNOWN,,2026-10-06T07:59:25.583136,12.78920568,.0270807,102.4062,296.0505,326.9085,45.4682,0,U,85061,999,59380,.91618E-2,.2342E-4,0
UNKNOWN,,2026-10-02T14:54:10.512000,14.40910183,.0012646,74.0469,39.3684,199.3827,173.7507,0,U,85100,999,67567,.61609E-4,.171E-5,0
UNKNOWN,,2026-10-06T13:37:00.964992,13.73246534,.0009089,100.0744,40.3299,335.1898,37.3131,0,U,85106,999,64394,.50584E-3,.42E-5,0
UNKNOWN,,2026-10-06T11:06:42.298848,14.90642668,.0005433,98.3796,164.4833,278.2710,81.7891,0,U,85151,999,52372,.17288E-2,.16916E-3,0
UNKNOWN,,2026-10-06T15:57:48.155616,13.71954000,.0213109,99.8838,74.2568,271.1917,150.0904,0,U,85210,999,64300,.53855E-3,.525E-5,0
UNKNOWN,,2026-10-05T23:55:59.442528,14.38400204,.0203612,98.0192,359.0604,309.0899,49.2332,0,U,85217,999,67057,.23849E-3,.876E-5,0
UNKNOWN,,2026-09-30T03:06:33.778368,14.03608315,.051843,65.5314,167.9766,256.4659,97.8176,0,U,85237,999,64921,.20942E-3,.983E-5,0
UNKNOWN,,2026-10-05T13:13:07.601952,13.88387146,.0064115,99.0742,204.5170,117.7507,57.6939,0,U,85238,999,65202,.55547E-4,.25E-6,0
UNKNOWN,,2026-10-06T04:52:43.128480,14.22269867,.0221703,98.0051,260.2203,145.7648,215.8054,0,U,85246,999,66534,.20865E-3,.556E-5,0
UNKNOWN,,2026-10-06T17:25:57.427968,14.01239157,.0050243,100.4098,2.1911,174.9046,337.4318,0,U,85373,999,65384,.10668E-2,.1567E-4,0
UNKNOWN,,2026-10-02T18:13:33.341952,13.53131517,.0044623,100.4730,261.3200,253.6733,279.7805,0,U,87014,999,63066,.21162E-2,.1374E-4,0
UNKNOWN,,2026-10-01T13:01:44.828544,14.05049984,.0082619,98.7302,304.1308,147.7967,212.8285,0,U,87029,999,63411,.235E-3,.349E-5,0
UNKNOWN,,2026-10-04T20:39:17.089344,14.07530805,.0042401,98.6830,314.9999,340.7203,19.2360,0,U,87042,999,59561,.21205E-3,.318E-5,0
UNKNOWN,,2026-10-06T08:50:59.993952,13.46941212,.0715125,65.7261,264.1623,4.9383,355.8243,0,U,87051,999,62865,.60531E-3,.1749E-4,0
UNKNOWN,,2026-10-06T13:08:03.661440,14.12118748,.0011493,100.0807,200.5888,264.9123,95.0732,0,U,87054,999,65834,.54884E-3,.953E-5,0
UNKNOWN,,2026-10-05T21:54:40.804992,13.87872819,.0484538,61.2143,106.7194,25.4891,336.9195,0,U,87071,999,64370,.67466E-3,.1923E-4,0
UNKNOWN,,2026-10-06T12:07:09.595488,12.42928597,.0033548,102.2602,19.0043,248.9388,110.8087,0,U,87129,999,58366,.10186E-2,.95E-6,0
UNKNOWN,,2026-10-05T16:59:35.168352,13.66729423,.0104355,90.3472,80.1252,95.5780,265.7292,0,U,87159,999,59724,.84563E-3,.74E-5,0
UNKNOWN,,2026-10-06T05:09:42.357312,13.65480432,.0655874,65.5989,221.2849,293.2748,60.0584,0,U,87163,999,61811,.60997E-3,.2169E-4,0
UNKNOWN,,2026-10-03T11:47:10.238208,14.60756844,.0121467,65.2008,189.7220,291.1007,67.7143,0,U,87164,999,67879,.40305E-3,.2058E-4,0
UNKNOWN,,2026-10-06T13:44:20.495616,14.30487191,.0044248,98.5086,139.2858,166.0318,194.2100,0,U,87204,999,66800,.45723E-3,.1161E-4,0
UNKNOWN,,2026-10-03T07:57:28.942272,14.48231324,.0051563,99.0784,302.7428,2.8923,10.1243,0,U,87211,999,75039,.36284E-3,.1324E-4,0
UNKNOWN,,2026-10-06T01:24:16.848576,13.84927621,.006788,100.3206,312.0557,208.6122,151.1297,0,U,87214,999,64138,.12633E-2,.14E-4,0
UNKNOWN,,2026-10-04T02:48:24.600960,13.91981291,.010311,99.2199,336.4230,204.4600,185.6361,0,U,87237,999,65285,.23458E-3,.268E-5,0
UNKNOWN,,2026-10-06T16:50:06.061920,14.56830269,.001554,82.8733,188.6384,164.8894,195.2775,0,U,87239,999,67119,.10406E-2,.4686E-4,0
UNKNOWN,,2026-10-06T13:46:00.080256,14.18435091,.0434491,65.6399,329.3150,333.3460,96.3369,0,U,87245,999,65641,.48491E-3,.2466E-4,0
UNKNOWN,,2026-10-06T15:45:21.114432,14.25437134,.0425483,65.7521,152.5365,279.1710,76.1491,0,U,87271,999,65478,.43965E-3,.259E-4,0
UNKNOWN,,2026-10-05T13:42:07.894944,13.48802642,.0115899,64.6152,221.0791,199.0459,160.6229,0,U,87280,999,57388,.31968E-3,.125E-5,0
UNKNOWN,,2026-10-05T17:43:13.015776,14.21206918,.0418696,65.8951,73.2410,200.1807,158.2300,0,U,87293,999,65616,.13067E-2,.6901E-4,0
UNKNOWN,,2026-09-16T07:38:29.703840,14.00204202,.0025232,100.0897,275.0872,270.5311,89.2959,0,U,87300,999,65195,.78411E-3,.1108E-4,0
UNKNOWN,,2026-10-04T18:36:40.672800,14.76341087,.0017637,74.0155,100.9244,351.3639,8.7229,0,U,87304,999,69015,.10609E-3,.703E-5,0
UNKNOWN,,2026-10-04T18:41:40.288992,13.70906938,.0423026,66.5911,97.3839,226.8966,129.5984,0,U,87320,999,63431,.48748E-3,.745E-5,0
UNKNOWN,,2026-10-06T11:35:51.754560,14.16747365,.0065221,90.0064,271.7353,13.8506,346.4452,0,U,87334,999,42867,.65393E-2,.13374E-3,0
UNKNOWN,,2026-10-05T22:27:10.155744,14.17093508,.008227,89.9945,267.5964,358.0054,2.0794,0,U,87335,999,42893,.79047E-2,.1648E-3,0
UNKNOWN,,2026-10-06T11:15:06.648480,13.97293929,.0058142,82.7532,185.0526,194.1449,165.8094,0,U,87405,999,65272,.85919E-3,.1236E-4,0
UNKNOWN,,2026-10-05T22:13:23.460672,14.31978568,.0053495,65.7811,246.9885,149.5090,244.0810,0,U,87426,999,66511,.91838E-3,.2414E-4,0
UNKNOWN,,2026-09-29T04:03:08.798976,13.91330147,.0060662,100.4314,159.4967,170.2068,190.0284,0,U,87448,999,64961,.63208E-3,.755E-5,0
UNKNOWN,,2026-10-05T15:36:00.879552,14.16987687,.0503178,65.7688,19.7704,214.1614,142.6134,0,U,87456,999,65352,.12129E-2,.8634E-4,0
UNKNOWN,,2026-10-06T12:02:57.127776,13.63118455,.0657995,65.8250,226.0506,163.8201,317.6579,0,U,87517,999,63347,.27071E-3,.853E-5,0
UNKNOWN,,2026-10-01T09:43:33.130848,13.35682902,.0058968,99.6721,118.2331,274.5305,206.4501,0,U,87541,999,62110,.1868E-3,.54E-6,0
UNKNOWN,,2026-10-05T16:22:00.402240,13.54929380,.0675761,65.6723,356.4996,94.0899,273.7623,0,U,87553,999,63146,.2494E-3,.675E-5,0
UNKNOWN,,2026-10-05T13:44:42.242496,13.30121011,.0072619,101.8545,180.3788,62.5461,298.3015,0,U,87557,999,60446,.91377E-2,.4287E-4,0
UNKNOWN,,2026-10-06T10:26:00.625344,12.32143855,.0174741,101.9724,333.2503,107.5754,268.1512,0,U,87561,999,57910,-.55916E-3,-.114E-5,0
UNKNOWN,,2026-09-30T06:47:23.793792,14.06624604,.0171729,99.9459,298.7062,101.3167,260.7348,0,U,87565,999,65741,.408E-3,.722E-5,0
UNKNOWN,,2026-10-06T07:01:34.622112,12.68550551,.0055806,101.9913,113.1681,29.7722,145.2355,0,U,87569,999,59619,.11012E-3,-.27E-6,0
UNKNOWN,,2026-10-03T17:49:51.898656,14.40189622,.0021509,74.0221,277.2992,243.9564,115.9377,0,U,87587,999,67627,.39265E-4,.98E-6,0
UNKNOWN,,2026-10-01T21:54:18.278784,14.10652436,.0026923,98.7563,309.9284,171.6112,312.1013,0,U,87590,999,19557,.22835E-3,.366E-5,0
UNKNOWN,,2026-10-06T00:26:57.508224,12.47094595,.0627643,66.0343,283.9014,11.0390,17.4190,0,U,87616,999,57330,.15444E-2,.403E-5,0
UNKNOWN,,2026-10-06T15:10:31.295424,14.73007524,.0094094,98.7099,242.4070,35.4686,325.2727,0,U,87624,999,62409,.61416E-3,.4171E-4,0
UNKNOWN,,2026-10-02T23:11:39.449184,14.67306812,.0028054,100.2512,168.5492,129.9958,230.3708,0,U,87650,999,12284,.88645E-3,.4962E-4,0
UNKNOWN,,2026-10-05T18:03:32.995008,14.28995494,.0055475,70.8550,84.2981,178.9909,181.1342,0,U,87672,999,66687,.55129E-3,.1368E-4,0
UNKNOWN,,2026-10-04T22:40:21.346464,13.71605772,.0156846,66.7351,116.7333,322.2219,36.7919,0,U,87681,999,64245,.42698E-3,.347E-5,0
UNKNOWN,,2026-10-06T10:18:11.216736,14.03275224,.0585142,65.7914,297.7440,256.6851,96.8372,0,U,87690,999,64911,.64863E-3,.4774E-4,0
UNKNOWN,,2026-10-06T08:46:17.226624,14.66436651,.0102804,98.6617,124.3820,63.4302,61.8811,0,U,87706,999,62211,.29335E-3,.1697E-4,0
UNKNOWN,,2026-10-06T12:46:09.942528,13.74548291,.0028648,82.9493,13.7598,252.8062,106.9958,0,U,87730,999,62624,.42492E-4,.55E-6,0
UNKNOWN,,2026-10-05T10:16:00.260256,13.72383038,.0133616,99.3291,148.1454,135.4039,225.7952,0,U,87737,999,64455,.46572E-4,.3E-7,0
UNKNOWN,,2026-10-05T18:49:45.054336,14.39188229,.0365326,65.6699,61.3358,284.5829,141.4861,0,U,87764,999,66181,.59887E-3,.3964E-4,0
UNKNOWN,,2026-10-06T10:21:36.014112,13.19589843,.0120239,100.7204,126.8228,47.3426,313.7747,0,U,87771,999,57435,.22811E-3,.48E-6,0
UNKNOWN,,2026-10-02T05:24:40.266720,13.02024835,.0075364,102.4119,192.2142,351.0527,8.9223,0,U,87782,999,60616,.80907E-2,.2486E-4,0
UNKNOWN,,2026-10-05T13:06:27.639072,13.17487884,.0230789,99.6589,12.8502,28.9996,332.3719,0,U,87843,999,60323,.15916E-2,.669E-5,0
UNKNOWN,,2026-10-05T12:46:41.272896,12.89868764,.0575033,98.8657,183.3473,290.1646,63.8511,0,U,87845,999,60346,-.95164E-3,-.554E-5,0
UNKNOWN,,2026-09-29T03:24:01.023264,14.42425515,.0035447,99.1843,57.8758,131.3988,229.0256,0,U,87878,999,65314,.49055E-3,.1586E-4,0
UNKNOWN,,2026-10-06T12:26:41.660736,14.06150104,.0152783,98.7426,18.0586,310.5500,48.2448,0,U,87884,999,66021,.27879E-4,.7E-7,0
UNKNOWN,,2026-09-22T18:23:07.921824,13.73148579,.0030034,82.9318,89.8019,328.6780,42.4572,0,U,87934,999,64329,.68649E-4,.79E-6,0
UNKNOWN,,2026-09-21T21:50:01.229280,12.35711374,.088961,28.6204,150.2500,170.2341,191.6764,0,U,87991,999,55803,.57758E-2,.2963E-4,0
UNKNOWN,,2026-10-04T11:03:43.744608,14.36362442,.0015594,74.0480,191.8042,181.7190,178.3912,0,U,89003,999,67400,.49606E-4,.119E-5,0
UNKNOWN,,2026-10-04T22:41:49.178112,14.47115753,.018722,97.8504,90.3863,198.2223,161.2203,0,U,89005,999,57691,.60269E-3,.269E-4,0
UNKNOWN,,2026-10-05T00:47:54.783744,14.97522072,.0022824,98.0289,190.2440,64.5569,295.8011,0,U,89029,999,69538,.37759E-3,.4364E-4,0
UNKNOWN,,2026-09-10T05:53:56.292288,12.39650008,.0031265,101.5830,259.0727,21.3392,338.8969,0,U,89055,999,57937,.57973E-3,.35E-6,0
UNKNOWN,,2026-10-02T13:16:57.794880,13.04070974,.0146345,100.4829,208.2622,173.2371,187.0754,0,U,89101,999,59314,-.22367E-3,-.118E-5,0
UNKNOWN,,2026-09-24T11:53:41.829792,8.88169977,.291638,63.4138,77.8065,319.7833,21.9533,0,U,89132,999,35048,.35152E-3,.225E-5,0
UNKNOWN,,2026-10-05T01:25:37.481376,14.65243777,.0088863,98.2622,212.6114,205.6082,154.0707,0,U,89146,999,67224,.28937E-3,.1598E-4,0
UNKNOWN,,2026-10-06T01:06:54.378144,14.52234351,.027408,82.0601,301.3858,81.2898,281.9236,0,U,89172,999,64497,.98314E-3,.6582E-4,0
UNKNOWN,,2026-09-27T16:02:43.127808,13.73767606,.0033494,82.9201,54.8991,60.0920,300.3555,0,U,89177,999,10249,.3551E-4,.49E-6,0
UNKNOWN,,2026-10-05T17:10:24.333024,13.81897361,.0131122,99.2061,187.9675,85.6238,275.9885,0,U,89183,999,64798,.39947E-3,.415E-5,0
UNKNOWN,,2026-10-05T10:24:22.341888,14.95678783,.0005072,98.3647,165.3472,252.7561,107.3103,0,U,89184,999,53632,.30945E-2,.34524E-3,0
UNKNOWN,,2026-10-06T07:58:36.196032,13.91858067,.0228114,98.7395,141.3455,29.1141,332.2518,0,U,89213,999,49406,.26152E-3,.372E-5,0
UNKNOWN,,2026-10-06T10:27:36.548352,9.29819009,.2802138,62.4905,332.1329,128.5845,260.1148,0,U,89251,999,40081,.64041E-3,.1019E-4,0
UNKNOWN,,2026-10-06T05:03:02.703744,14.43614228,.001248,98.1765,266.3892,341.2434,18.8295,0,U,89261,999,57672,.15443E-3,.482E-5,0
UNKNOWN,,2026-10-04T13:56:42.616320,9.34828385,.282177,84.0562,20.4776,312.5843,36.2176,0,U,89304,999,46555,.21521E-1,.52764E-3,0
UNKNOWN,,2026-10-05T08:55:57.782784,13.64762014,.0045781,100.4897,321.2335,118.2853,242.2918,0,U,89379,999,62121,.43718E-2,.35E-4,0
UNKNOWN,,2026-10-03T09:37:30.283680,12.01602741,.0226772,102.4058,233.6247,345.0587,171.6169,0,U,89395,999,56013,.22411E-2,.157E-5,0
UNKNOWN,,2026-10-05T12:16:35.835168,12.99083657,.0032434,90.2573,12.6327,161.0519,213.4521,0,U,89403,999,51635,.56053E-3,.174E-5,0
UNKNOWN,,2026-10-06T11:25:34.614048,14.17651690,.0079304,99.0094,357.4649,273.1126,86.0977,0,U,89493,999,50611,.76503E-3,.1559E-4,0
UNKNOWN,,2026-10-06T16:27:14.120640,14.17587841,.0080023,99.0093,357.5186,272.7927,86.4090,0,U,89494,999,50599,.73284E-3,.149E-4,0
UNKNOWN,,2026-10-03T04:44:12.072480,12.96229732,.00314644,90.2298,350.0566,191.3099,168.7317,0,U,270000,999,32408,.15970771E-2,.464E-5,0
UNKNOWN,,2026-10-02T13:56:12.601824,12.45729848,.00429979,101.8398,23.4822,19.7375,340.5346,0,U,270001,999,31152,.65549895E-3,.5E-6,0
UNKNOWN,,2026-10-01T07:51:26.861472,13.07298802,.05050205,99.6439,289.6332,281.7886,72.7018,0,U,270003,999,32556,.99181482E-3,.574E-5,0
UNKNOWN,,2026-10-05T14:19:48.949248,12.23912386,.01632841,101.7437,48.7111,338.1217,21.2923,0,U,270004,999,30649,.13214607E-2,.108E-5,0
UNKNOWN,,2026-10-06T18:08:38.412096,12.17464436,.03914257,103.0597,122.6830,18.1117,343.3442,0,U,270005,999,30387,.10032952E-1,.1232E-4,0
UNKNOWN,,2026-10-06T04:31:09.008544,12.38832025,.00941735,102.2978,248.0510,87.2722,273.9115,0,U,270006,999,31032,.19687277E-3,-.19E-6,0
UNKNOWN,,2026-09-26T12:20:15.064800,12.91596851,.05640706,31.9989,197.0476,140.3534,223.9721,0,U,270007,999,32278,.38788212E-3,.237E-5,0
UNKNOWN,,2026-09-28T01:53:36.929760,12.97664604,.0035628,90.2810,30.6637,151.3179,208.9911,0,U,270008,999,32380,.15517545E-2,.46E-5,0
UNKNOWN,,2026-10-03T14:36:35.073792,11.90755334,.00540493,82.5038,42.5679,222.7270,136.9571,0,U,270009,999,29791,.50785098E-3,.45E-6,0
UNKNOWN,,2026-10-06T11:36:42.036768,12.82553836,.03521235,103.9724,354.4919,301.3983,55.3102,0,U,270010,999,31850,.13934059E-1,.4216E-4,0
UNKNOWN,,2026-10-06T20:14:21.568416,13.63888007,.0086144,100.7391,243.1165,1.9971,358.1496,0,U,270011,999,33197,.13197214E-1,.10715E-3,0
UNKNOWN,,2026-10-03T22:30:22.805280,12.97137514,.00361725,90.2378,1.5532,147.3429,212.9939,0,U,270012,999,32444,.5447673E-3,.165E-5,0
UNKNOWN,,2026-10-06T20:33:41.274144,12.16602133,.01560748,102.7153,247.5706,49.1909,312.2558,0,U,270013,999,30479,.73209233E-3,.3E-6,0
UNKNOWN,,2026-10-04T16:01:32.080224,12.55115800,.00636214,101.8793,262.9976,189.4070,170.5815,0,U,270014,999,31405,.49205942E-3,.35E-6,0
UNKNOWN,,2026-10-06T11:39:54.104832,13.04936441,.00289104,90.1528,359.1837,226.1717,133.7018,0,U,270015,999,32658,-.62726635E-3,-.195E-5,0
UNKNOWN,,2026-10-05T11:35:03.234912,13.82407802,.02296103,98.6996,350.1044,108.8740,253.7463,0,U,270016,999,34492,.45830472E-3,.569E-5,0
UNKNOWN,,2026-10-04T00:12:36.492480,13.02574118,.0029247,90.3024,27.3467,330.9162,29.0332,0,U,270017,999,32559,.14556611E-2,.462E-5,0
UNKNOWN,,2026-10-07T03:41:52.099872,14.10187080,.00518475,99.7978,54.2452,40.5572,319.9440,0,U,270018,999,35042,.12380568E-2,.2168E-4,0
UNKNOWN,,2026-10-06T12:01:18.944544,12.95939681,.00499038,90.2590,13.2431,245.0500,114.5430,0,U,270019,999,32434,.85449586E-3,.251E-5,0
UNKNOWN,,2026-10-04T18:20:01.573440,13.97081222,.00207512,82.5328,285.2222,47.5635,312.7283,0,U,270020,999,34828,.10245643E-2,.1448E-4,0
UNKNOWN,,2026-10-05T12:16:51.145248,12.65996904,.00651968,82.7193,357.1491,123.4617,237.2732,0,U,270021,999,31661,.55699358E-3,.117E-5,0
UNKNOWN,,2026-10-04T05:55:46.166304,12.67115349,.05416151,100.1131,98.7187,171.2580,189.8417,0,U,270022,999,31313,.78157952E-2,.263E-4,0
UNKNOWN,,2026-09-29T13:12:27.554688,12.45822390,.00249188,73.6386,225.8516,356.0081,4.0763,0,U,270023,999,31093,.11679569E-2,.151E-5,0
UNKNOWN,,2026-09-15T14:17:47.119200,12.62487754,.00002696,51.9841,2.5852,102.2461,257.8436,0,U,270024,999,31388,.87850207E-4,-.88E-6,0
UNKNOWN,,2026-10-03T03:16:27.652224,14.22931405,.00733221,98.6184,233.6964,301.5794,57.8241,0,U,270025,999,35460,.47709342E-3,.1059E-4,0
UNKNOWN,,2026-10-04T01:51:50.130720,11.92476130,.03914344,103.3560,37.7518,195.5700,163.2997,0,U,270026,999,29804,.8696995E-2,.749E-5,0
UNKNOWN,,2026-09-15T19:07:07.453920,11.80889291,.0515063,100.9310,94.2539,20.8236,341.2979,0,U,270027,999,29265,.87003272E-2,.764E-5,0
UNKNOWN,,2026-10-06T17:38:53.228256,13.97239438,.0006496,82.5183,276.7398,322.3791,37.6921,0,U,270029,999,34848,.87306092E-3,.1237E-4,0
UNKNOWN,,2026-10-02T13:06:10.909440,13.02317041,.0036817,90.2831,24.3655,1.5042,358.6186,0,U,270030,999,32530,.96086764E-3,.307E-5,0
UNKNOWN,,2026-10-06T03:30:46.431072,11.80983338,.02598695,81.2968,76.5159,334.0778,24.7433,0,U,270032,999,29556,.72206663E-2,.512E-5,0
UNKNOWN,,2026-10-06T10:55:26.560992,13.72561212,.05721021,81.9716,345.4780,352.4741,6.8080,0,U,270033,999,34286,.12659323E-3,.399E-5,0
UNKNOWN,,2026-10-02T04:24:07.929504,14.01270069,.00889538,82.4444,70.1183,183.6640,176.3891,0,U,270035,999,34842,.74313256E-3,.1172E-4,0
UNKNOWN,,2026-09-30T19:50:39.096960,13.76501834,.01109151,100.3540,132.0350,96.1820,265.1976,0,U,270036,999,34315,-.9567156E-5,-.61E-6,0
UNKNOWN,,2026-10-04T16:56:23.532288,12.84655376,.02341483,102.6766,66.7381,193.8376,165.6217,0,U,270038,999,31834,.41965634E-2,.1091E-4,0
UNKNOWN,,2026-10-06T09:08:12.892128,14.05617849,.00086579,82.5524,153.9970,247.8847,112.1407,0,U,270039,999,35052,.10661527E-2,.175E-4,0
UNKNOWN,,2026-09-14T09:10:53.914080,12.53376419,.00268016,101.3737,291.7779,45.8017,314.5253,0,U,270040,999,31104,.12442635E-3,-.23E-6,0
UNKNOWN,,2026-10-01T11:51:03.081024,13.97074454,.02168423,98.4980,5.7893,278.4193,79.2446,0,U,270041,999,34790,.45388231E-3,.732E-5,0
UNKNOWN,,2026-10-04T09:12:57.231936,12.26224551,.01371971,74.0223,160.1157,90.9944,270.6816,0,U,270042,999,30688,.28814616E-3,.19E-6,0
UNKNOWN,,2026-10-04T20:27:48.107232,13.93290222,.02486326,98.8985,326.8605,211.5610,147.0434,0,U,270043,999,34675,.97277957E-3,.1596E-4,0
UNKNOWN,,2026-10-05T12:30:38.344032,13.00842096,.00116047,90.2634,16.1663,279.2007,80.7803,0,U,270044,999,32515,.25126927E-2,.772E-5,0
UNKNOWN,,2026-10-01T13:04:24.435264,12.96486256,.00386963,90.2619,15.9823,210.4187,149.4688,0,U,270045,999,32393,.24494543E-3,.78E-6,0
UNKNOWN,,2026-10-03T11:54:34.724736,12.62609647,.00596271,73.9982,4.7604,18.4428,341.8773,0,U,270046,999,31565,.13415774E-3,.8E-7,0
UNKNOWN,,2026-10-06T18:52:53.658624,13.77982586,.00317215,82.9690,54.1135,261.7776,97.9783,0,U,270053,999,34462,.28050291E-3,.297E-5,0
UNKNOWN,,2026-10-07T03:40:46.293312,12.98530424,.00295826,90.2133,349.7503,81.0343,279.4125,0,U,270054,999,32504,.13021403E-2,.392E-5,0
UNKNOWN,,2026-10-04T12:39:55.482336,12.99367948,.00337524,90.2590,7.6235,73.1322,287.3497,0,U,270055,999,32501,-.49397134E-3,-.14E-5,0
UNKNOWN,,2026-09-19T23:56:05.049888,12.46293026,.00825535,101.5896,353.2189,320.3983,39.1075,0,U,270056,999,30999,.78473275E-3,.72E-6,0
UNKNOWN,,2026-10-06T16:18:22.831488,12.98085736,.00304473,90.2432,7.7413,108.0205,252.4238,0,U,270058,999,32500,-.49293952E-3,-.137E-5,0
UNKNOWN,,2026-10-04T01:53:37.531968,12.23029479,.01317613,73.9983,31.1303,336.6289,22.8791,0,U,270059,999,30609,.59866092E-3,.51E-6,0
UNKNOWN,,2026-09-26T18:45:52.134624,13.52336899,.05426789,30.1021,85.8577,262.2768,91.5886,0,U,270060,999,33501,.85556173E-3,.153E-4,0
UNKNOWN,,2026-10-06T03:26:43.585728,14.24397852,.0034828,98.8791,233.9490,283.9484,75.7823,0,U,270063,999,35638,.87832568E-4,.159E-5,0
UNKNOWN,,2026-10-06T08:29:30.238080,14.47761680,.00095834,97.9500,133.8073,263.2036,96.8068,0,U,270064,999,36155,.79595939E-4,.254E-5,0
UNKNOWN,,2026-10-01T13:46:09.674976,12.22994567,.0134074,74.0024,35.8267,341.3661,18.2491,0,U,270065,999,30572,.61460625E-3,.53E-6,0
UNKNOWN,,2026-10-06T11:33:20.507040,14.63096459,.00098787,32.2224,348.9411,194.1484,165.8887,0,U,270066,999,36682,.5081766E-4,.301E-5,0
UNKNOWN,,2026-10-05T13:04:54.901632,12.96573350,.00312683,90.2594,16.4357,187.6992,172.3652,0,U,270067,999,32449,-.45622966E-3,-.124E-5,0
UNKNOWN,,2026-10-02T16:46:29.611776,13.50983511,.07431818,62.7949,18.5258,23.9334,339.4440,0,U,270070,999,33696,.98335291E-4,.249E-5,0
UNKNOWN,,2026-09-29T19:52:57.929664,11.27765171,.01582174,64.8046,125.4767,353.3191,6.5624,0,U,270072,999,28180,-.55362833E-3,-.62E-6,0
UNKNOWN,,2026-10-04T09:38:03.431040,13.23379867,.01597928,100.3440,337.8700,180.7429,179.3473,0,U,270073,999,33076,.93035605E-3,.377E-5,0
UNKNOWN,,2026-10-06T04:12:11.795328,14.39878280,.00954624,99.2328,271.5706,343.3334,16.4721,0,U,270075,999,35091,.3065059E-2,.10121E-3,0
UNKNOWN,,2026-10-07T03:23:35.886912,13.67369894,.02705053,98.3581,47.5681,197.4322,161.7400,0,U,270077,999,34172,.10053343E-2,.1054E-4,0
UNKNOWN,,2026-10-06T08:47:56.635872,14.36192809,.00165228,86.3930,313.8525,341.1918,18.8666,0,U,270078,999,35915,.11706526E-3,.361E-5,0
UNKNOWN,,2026-10-05T11:24:20.386080,12.38319605,.01621119,56.0499,357.2162,71.4345,290.4089,0,U,270079,999,31010,-.14653686E-3,-.113E-5,0
UNKNOWN,,2026-10-02T11:54:10.455840,12.96779244,.00224217,90.2421,352.3979,169.1842,190.9765,0,U,270081,999,32390,.53083764E-3,.16E-5,0
UNKNOWN,,2026-10-06T12:28:56.508672,13.99495691,.02222786,74.0104,202.3483,296.4341,61.4136,0,U,270082,999,34894,.40042158E-3,.696E-5,0
UNKNOWN,,2026-10-04T21:49:15.195360,13.81664576,.03768631,72.8737,352.4419,89.5587,274.8694,0,U,270084,999,34083,.15863134E-2,.2886E-4,0
UNKNOWN,,2026-10-07T05:07:04.595232,15.26801586,.00168642,86.3354,256.4390,91.6485,268.6694,0,U,270086,999,12655,.36590573E-2,.97846E-3,0
UNKNOWN,,2026-09-09T09:56:44.048544,12.82860707,.0727041,72.8091,135.9872,11.4237,350.2369,0,U,270087,999,31621,.19894779E-2,.1455E-4,0
UNKNOWN,,2026-10-02T09:33:40.863168,12.25990541,.01343342,74.0268,169.6667,96.0447,265.5916,0,U,270088,999,30658,.4574832E-3,.39E-6,0
UNKNOWN,,2026-10-03T14:31:54.969312,14.23999415,.00352479,98.8925,232.9894,302.6901,57.0879,0,U,270089,999,35599,.82548292E-4,.145E-5,0
UNKNOWN,,2026-10-04T07:50:16.934496,14.47712572,.00106084,97.9452,130.1371,271.3861,88.6118,0,U,270090,999,36125,.6899996E-4,.215E-5,0
UNKNOWN,,2026-09-27T05:52:24.777408,12.95574340,.00310883,90.2508,12.3555,226.3421,133.5120,0,U,270091,999,32322,-.35595672E-3,-.94E-6,0
UNKNOWN,,2026-10-05T13:05:33.440352,12.92613814,.00282187,90.2498,8.4290,357.2517,2.8441,0,U,270093,999,32352,.26366254E-3,.79E-6,0
UNKNOWN,,2026-10-06T05:24:40.431744,12.23935995,.01196992,102.6179,261.0347,98.1521,263.3129,0,U,270094,999,30649,.48829303E-3,.9E-7,0
UNKNOWN,,2026-10-05T13:21:09.422784,12.97398301,.00279426,90.2588,14.4908,162.0315,198.1800,0,U,270095,999,32455,.12367283E-2,.367E-5,0
UNKNOWN,,2026-10-06T07:56:46.227840,14.32832459,.00142384,98.6689,298.6332,121.2999,238.9581,0,U,270096,999,35804,.76040261E-4,.163E-5,0
UNKNOWN,,2026-10-01T01:02:55.822560,12.99631571,.00136415,90.2906,23.8930,52.0055,308.2296,0,U,270097,999,32390,.86308281E-4,.33E-6,0
UNKNOWN,,2026-10-07T02:09:53.558208,14.44091600,.01595602,98.2982,32.5914,146.1268,215.0238,0,U,270098,999,35707,.11414772E-2,.452E-4,0
UNKNOWN,,2026-10-01T03:41:38.410656,12.56149118,.02053655,102.2492,34.6253,225.4061,133.0092,0,U,270099,999,31222,.16193861E-1,.2843E-4,0
UNKNOWN,,2026-10-04T05:25:08.063328,15.19429995,.00123853,97.3052,270.8663,238.0319,121.9713,0,U,270100,999,36181,.37470083E-2,.80271E-3,0
UNKNOWN,,2026-10-06T06:28:57.009792,12.38950459,.00951206,102.3800,279.6477,102.8906,258.2800,0,U,270101,999,31030,.18728989E-3,-.21E-6,0
UNKNOWN,,2026-10-07T06:37:32.935296,13.03273385,.00313756,90.3103,37.9179,208.7138,151.2260,0,U,270103,999,32627,-.24063649E-2,-.753E-5,0
UNKNOWN,,2026-10-04T12:57:41.400000,12.96200117,.00289872,90.2691,18.6786,166.0919,194.1006,0,U,270104,999,32430,-.81666858E-3,-.226E-5,0
UNKNOWN,,2026-10-02T21:20:18.752352,12.40422980,.01754193,56.0552,143.4865,128.1098,233.5766,0,U,270106,999,31038,.38109581E-3,-.4E-6,0
UNKNOWN,,2026-10-06T08:40:16.400352,13.06206945,.00196809,90.0137,311.5046,136.3249,223.9438,0,U,270108,999,32683,-.12135118E-2,-.391E-5,0
UNKNOWN,,2026-10-02T13:45:06.918336,12.98496300,.00330605,90.2568,15.4939,97.7762,262.7115,0,U,270110,999,32442,.18031466E-2,.54E-5,0
UNKNOWN,,2026-10-04T07:59:36.645792,14.39106693,.00196739,98.4774,294.4351,316.1064,43.8560,0,U,270111,999,35975,.69775169E-4,.172E-5,0
UNKNOWN,,2026-10-07T04:53:42.643392,12.95387430,.00268219,90.2461,7.2033,306.6483,53.2170,0,U,270113,999,32396,-.33691733E-3,-.88E-6,0
UNKNOWN,,2026-10-06T12:25:44.107968,12.95859900,.00514997,90.2542,11.2940,192.9281,167.0522,0,U,270114,999,32447,-.86016957E-3,-.238E-5,0
UNKNOWN,,2026-10-07T00:14:33.211968,12.97129828,.00349816,90.2544,13.2982,153.5418,206.7498,0,U,270115,999,32389,.11019756E-2,.327E-5,0
UNKNOWN,,2026-10-06T09:27:36.172224,12.23532952,.01281164,74.0084,326.3357,145.8911,215.0441,0,U,270116,999,30652,-.17436724E-4,-.16E-6,0
UNKNOWN,,2026-10-01T13:02:08.113344,13.00385495,.00245467,90.2413,3.3564,303.0527,56.8238,0,U,270117,999,32458,.31575576E-2,.964E-5,0
UNKNOWN,,2026-09-29T08:46:45.393024,12.38317338,.01179801,47.2304,314.5368,167.1220,193.2633,0,U,270120,999,30899,.38803101E-1,.5115E-4,0
UNKNOWN,,2026-10-01T06:11:29.432256,14.56011649,.00057541,98.7040,98.1979,131.4607,228.7085,0,U,270121,999,36231,.17570668E-3,.724E-5,0
UNKNOWN,,2026-10-05T12:08:16.173600,12.96342073,.00288619,90.2513,14.3715,237.4382,122.3950,0,U,270122,999,32366,.1296583E-2,.378E-5,0
UNKNOWN,,2026-10-06T11:37:52.836384,12.24053097,.08009004,83.2687,199.1586,251.4525,99.7977,0,U,270123,999,30595,-.45121588E-2,-.139E-4,0
UNKNOWN,,2026-10-06T13:00:43.622784,12.96921528,.00285706,90.2597,15.8168,103.0058,257.4255,0,U,270124,999,32471,-.50950792E-3,-.139E-5,0
UNKNOWN,,2026-10-05T01:21:58.315680,14.80166531,.00134636,86.3295,200.7039,310.3828,49.6217,0,U,270127,999,36448,.95081222E-3,.7255E-4,0
UNKNOWN,,2026-10-03T07:29:17.702880,12.33831023,.00469123,102.4383,284.6493,68.6573,291.9483,0,U,270128,999,30856,.1586428E-3,-.26E-6,0
UNKNOWN,,2026-10-01T00:30:11.274912,12.98924853,.00335991,90.2475,10.9018,151.4403,208.8568,0,U,270129,999,32365,-.17676829E-2,-.517E-5,0
UNKNOWN,,2026-10-04T10:02:01.788000,4.52464251,.53607286,63.2887,33.5969,350.1250,2.5081,0,U,270131,999,11329,.83937759E-3,-.5E-7,0
UNKNOWN,,2026-10-02T20:55:48.329760,12.79758859,.04067623,63.2004,122.7408,29.3019,333.0134,0,U,270133,999,32003,.69754832E-3,.148E-5,0
UNKNOWN,,2026-10-04T12:56:01.552704,12.29543879,.06656263,66.0600,220.7160,96.3392,271.3783,0,U,270134,999,30763,.10784662E-3,-.26E-6,0
UNKNOWN,,2026-09-26T10:44:46.583232,13.04867887,.02824194,63.5730,335.5600,327.8477,30.5573,0,U,270135,999,32517,.118186E-2,.382E-5,0
UNKNOWN,,2026-09-28T00:34:33.601728,13.02707642,.00267854,90.2485,7.5627,57.5951,302.7759,0,U,270136,999,32442,.45342599E-2,.1428E-4,0
UNKNOWN,,2026-10-04T23:48:42.206688,12.12992651,.03084876,100.9987,2.3593,87.1853,276.4459,0,U,270137,999,30359,-.11978915E-2,-.166E-5,0
UNKNOWN,,2026-10-05T12:09:04.529088,14.94732073,.00106186,97.8110,8.5906,95.7614,264.4817,0,U,270138,999,37151,.13955782E-3,.1459E-4,0
UNKNOWN,,2026-10-04T20:00:57.358080,12.51797982,.07831104,99.4278,319.7865,163.5184,199.2987,0,U,270140,999,31212,.18777241E-2,.883E-5,0
UNKNOWN,,2026-09-22T06:01:26.644512,12.42218665,.00220991,73.6062,259.8272,61.5387,298.7880,0,U,270141,999,30930,.17590952E-2,.224E-5,0
UNKNOWN,,2026-10-04T20:49:53.900544,13.68340300,.004298,99.2290,136.9032,167.6770,192.5438,0,U,270143,999,34232,.23496742E-3,.16E-5,0
UNKNOWN,,2026-10-05T14:39:37.419264,14.54999078,.00114994,86.3058,229.5436,205.9069,154.1564,0,U,270144,999,36087,.50718304E-3,.2205E-4,0
UNKNOWN,,2026-10-06T13:00:38.903616,13.06324971,.00338338,90.3209,19.0554,141.3659,218.9896,0,U,270149,999,32590,-.79538354E-3,-.255E-5,0
UNKNOWN,,2026-09-22T16:05:41.158464,12.99056639,.00398373,90.3205,46.3970,89.9297,270.6389,0,U,270152,999,32326,.18862031E-4,.13E-6,0
UNKNOWN,,2026-10-03T11:33:11.239776,12.30757901,.07503566,83.2074,354.8785,101.4149,267.2108,0,U,270153,999,30711,-.48793477E-2,-.1466E-4,0
UNKNOWN,,2026-09-09T13:55:18.823008,12.96360463,.00291219,90.2550,15.0206,289.5992,70.1985,0,U,270154,999,32067,.67040611E-3,.199E-5,0
UNKNOWN,,2026-10-01T07:58:12.645984,12.55159470,.00616585,101.9066,139.6877,224.8282,134.7799,0,U,270155,999,31346,.56857193E-3,.47E-6,0
UNKNOWN,,2026-10-06T12:24:48.313440,13.04448191,.0022958,90.1901,19.8301,223.1127,136.8200,0,U,270156,999,32509,.22232346E-2,.721E-5,0
UNKNOWN,,2026-09-20T22:01:36.922080,12.76334036,.09651981,65.8299,332.8019,112.2197,258.4003,0,U,270157,999,31658,.60108809E-4,.29E-6,0
UNKNOWN,,2026-10-04T00:17:24.593280,12.21580073,.01366403,74.0052,189.2656,263.7989,94.7465,0,U,270158,999,30573,-.1646637E-3,-.33E-6,0
UNKNOWN,,2026-10-03T05:42:43.191360,12.81819589,.02725778,62.9605,249.4359,245.0097,112.2358,0,U,270159,999,32055,.15528148E-4,-.74E-6,0
UNKNOWN,,2026-10-01T15:04:37.708608,12.16655635,.08942381,83.2539,223.0389,1.8990,358.5121,0,U,270160,999,30263,.2823627E-2,.1004E-4,0
UNKNOWN,,2026-10-03T04:20:14.769600,12.76785049,.00587765,101.1234,257.3947,19.6535,340.6800,0,U,270161,999,31875,.11540717E-2,.209E-5,0
UNKNOWN,,2026-09-27T00:24:19.538784,12.64807077,.09238429,28.8386,31.0885,174.1348,187.0889,0,U,270162,999,31476,.77747954E-3,.885E-5,0
UNKNOWN,,2026-10-01T13:36:06.276384,13.00108331,.0024753,90.2530,13.7206,350.2606,9.8033,0,U,270164,999,32380,.24937272E-2,.76E-5,0
UNKNOWN,,2026-10-04T12:42:25.807968,12.95796229,.00414741,90.2527,14.6706,268.1876,91.4493,0,U,270165,999,32262,.35078024E-3,.107E-5,0
UNKNOWN,,2026-10-03T18:57:37.477440,14.31392366,.00062256,98.7329,299.3886,98.4313,261.7575,0,U,270166,999,35733,.62756746E-4,.121E-5,0
UNKNOWN,,2026-09-19T23:52:09.677280,11.48058080,.0695058,65.7401,14.0939,106.5430,261.2986,0,U,270167,999,28538,-.28115379E-2,-.258E-5,0
UNKNOWN,,2026-10-06T13:08:29.669568,14.40342008,.00664781,86.1982,209.2381,358.7349,1.3670,0,U,270168,999,1362,.1211521E-2,.3962E-4,0
UNKNOWN,,2026-10-04T19:17:43.008000,13.43217234,.02108527,82.9988,297.5369,128.5326,233.4924,0,U,270169,999,33584,.78098814E-3,.526E-5,0
UNKNOWN,,2026-10-06T10:59:40.679808,14.42221761,.0021571,65.0047,191.7377,273.2809,86.5813,0,U,270170,999,35977,.23240389E-3,.667E-5,0
UNKNOWN,,2026-10-03T16:01:08.009184,11.95879728,.00322232,82.4196,245.4606,88.8905,271.5838,0,U,270171,999,29860,.15102105E-2,.125E-5,0
UNKNOWN,,2026-10-06T05:35:29.251680,14.46301467,.00223961,86.3683,274.1041,244.9134,114.9745,0,U,270172,999,36034,.23128927E-3,.851E-5,0
UNKNOWN,,2026-10-07T00:20:58.759008,14.86781065,.00034108,86.6003,298.3911,88.8705,271.2910,0,U,270173,999,36835,.17368361E-3,.1573E-4,0
UNKNOWN,,2026-09-20T09:59:07.071648,11.49740213,.09603201,63.3879,302.1739,318.9870,34.2528,0,U,270174,999,28633,-.20751532E-3,-.8E-6,0
UNKNOWN,,2026-10-01T11:23:59.364960,12.21352482,.08236723,83.3260,341.1829,68.0404,300.6092,0,U,270175,999,30467,-.39627979E-2,-.1226E-4,0
UNKNOWN,,2026-10-02T22:27:12.298464,13.04745228,.00287931,90.2348,359.4134,277.0156,82.7694,0,U,270176,999,32483,.17547355E-2,.573E-5,0
UNKNOWN,,2026-10-05T10:04:47.453952,12.53625095,.00920903,100.8987,326.0015,64.6702,296.3877,0,U,270177,999,31316,.1632682E-3,-.13E-6,0
UNKNOWN,,2026-10-06T06:22:13.047456,14.32313196,.00194928,98.6963,283.2765,185.3146,174.7833,0,U,270178,999,35702,.80991313E-4,.174E-5,0
UNKNOWN,,2026-10-06T06:56:21.136128,14.38673670,.0031789,98.6281,286.2708,200.5351,159.4560,0,U,270179,999,35838,.83684893E-4,.213E-5,0
UNKNOWN,,2026-10-06T10:03:38.174976,12.93309462,.06951702,72.9851,343.7180,280.9450,71.4215,0,U,270181,999,32229,.42084996E-2,.3445E-4,0
UNKNOWN,,2026-10-06T12:03:01.907424,13.01643798,.00351225,90.2492,2.1870,307.7158,52.0783,0,U,270183,999,32479,.17118854E-2,.536E-5,0
UNKNOWN,,2026-10-01T12:56:15.385344,12.96151712,.00323555,90.2472,7.9245,250.0601,109.7032,0,U,270184,999,32242,.43201224E-3,.13E-5,0
UNKNOWN,,2026-10-05T01:00:39.356352,11.65022888,.07580355,65.7623,37.5576,206.3614,149.6829,0,U,270185,999,29172,.42069145E-2,.415E-5,0
UNKNOWN,,2026-10-05T14:32:01.296384,13.09264247,.00215798,90.3438,38.0009,7.7945,352.3514,0,U,270186,999,32712,.12653931E-2,.443E-5,0
UNKNOWN,,2026-10-05T00:58:33.348864,14.47418941,.00192111,74.0361,34.7707,40.1837,320.0738,0,U,270187,999,9243,.2901682E-3,.104E-4,0
UNKNOWN,,2026-10-02T09:13:18.561504,12.44988128,.07063038,74.3213,320.0623,30.7686,333.2851,0,U,270188,999,30971,.29335635E-4,-.2E-7,0
UNKNOWN,,2026-09-24T16:25:50.002464,11.13605079,.10697592,63.4046,64.9688,301.2826,48.7587,0,U,270189,999,27752,.59490073E-3,.11E-6,0
UNKNOWN,,2026-10-03T18:18:50.131008,14.38673179,.00316605,98.6275,283.7491,207.9258,152.0231,0,U,270190,999,35801,.71179556E-4,.174E-5,0
UNKNOWN,,2026-10-01T00:25:10.189920,12.98050162,.00213255,90.2630,9.4441,132.0859,228.2080,0,U,270192,999,32378,.32736591E-2,.966E-5,0
UNKNOWN,,2026-10-03T09:57:19.666944,13.46801834,.00522245,100.4426,163.2889,85.4728,275.2365,0,U,270194,999,33590,.24460246E-2,.1444E-4,0
UNKNOWN,,2026-10-06T12:19:55.871904,12.97028604,.00313433,90.2499,11.4153,79.2256,281.2390,0,U,270195,999,32267,-.10594324E-2,-.298E-5,0
UNKNOWN,,2026-10-05T14:57:00.962784,13.95221646,.00377682,64.6953,34.5637,142.4933,217.8777,0,U,270196,999,34869,.30961897E-3,.328E-5,0
UNKNOWN,,2026-10-06T23:37:03.243648,13.87897171,.03609568,97.5764,190.7708,128.4528,234.9614,0,U,270197,999,34476,.5670875E-3,.1103E-4,0
UNKNOWN,,2026-09-29T08:06:14.341536,13.13434448,.06041569,72.7209,301.9202,259.8825,93.3614,0,U,270199,999,32525,.11262089E-2,.1007E-4,0
UNKNOWN,,2026-10-05T13:22:53.987520,12.95806646,.00312303,90.2591,16.5082,236.7010,123.1118,0,U,270200,999,32245,.52337313E-3,.156E-5,0
UNKNOWN,,2026-10-05T00:29:00.439008,14.03697050,.00246379,82.5321,187.6403,138.9151,221.3882,0,U,270202,999,34919,.16900019E-2,.2678E-4,0
UNKNOWN,,2026-09-25T14:06:05.452704,13.00714241,.00340764,90.2567,14.8226,359.5937,0.5152,0,U,270203,999,32355,.20218806E-2,.623E-5,0
UNKNOWN,,2026-10-02T11:09:56.986560,13.88375439,.00590643,89.9296,344.3086,24.0028,336.3877,0,U,270204,999,34455,.13889829E-2,.1698E-4,0
UNKNOWN,,2026-10-06T09:00:03.176064,14.32952621,.00492207,98.4977,319.8497,310.0571,49.6301,0,U,270207,999,35603,.35241987E-3,.933E-5,0
UNKNOWN,,2026-09-23T15:10:18.888384,13.43472541,.01421676,90.2046,239.7139,315.5067,43.4732,0,U,270208,999,7208,.11751283E-2,.723E-5,0
UNKNOWN,,2026-10-06T08:09:08.853120,14.37437942,.00019864,86.3929,304.9867,91.9118,268.2307,0,U,270209,999,35651,.10216597E-3,.325E-5,0
UNKNOWN,,2026-10-06T17:26:29.629248,14.37493270,.0001628,86.3898,273.0978,105.2414,254.8964,0,U,270210,999,35660,.10026057E-3,.32E-5,0
UNKNOWN,,2026-09-30T17:58:22.832832,12.88836569,.02140969,82.4828,93.6346,28.6817,332.5868,0,U,270211,999,32137,.44468158E-4,.25E-6,0
UNKNOWN,,2026-10-04T06:40:26.572512,11.82696142,.10345076,83.2327,129.0879,230.3821,120.1402,0,U,270212,999,29426,.30947072E-3,.94E-6,0
UNKNOWN,,2026-10-07T04:50:06.125856,14.43719501,.01565837,97.0553,265.1229,16.5398,344.0822,0,U,270213,999,12717,.11466311E-2,.4488E-4,0
UNKNOWN,,2026-10-03T19:09:48.227040,12.08208602,.15169197,26.4828,311.4605,163.9269,201.5303,0,U,270214,999,633,.28977319E-2,.16457E-3,0
UNKNOWN,,2026-10-07T01:45:48.485376,14.00111154,.00193408,82.5514,195.3508,20.2515,339.9417,0,U,270215,999,34896,.49625809E-3,.747E-5,0
UNKNOWN,,2026-10-04T01:08:34.892448,13.06249332,.00339608,90.3315,20.4324,181.5057,178.5972,0,U,270216,999,32278,.33470274E-2,.1111E-4,0
UNKNOWN,,2026-09-07T13:34:36.923232,12.11994163,.0856874,83.3370,345.8702,291.2205,59.9460,0,U,270217,999,29921,.64543063E-2,.1884E-4,0
UNKNOWN,,2026-09-24T05:02:52.832544,12.56947543,.00294388,101.9594,255.2022,28.6360,331.6323,0,U,270219,999,31133,.21902092E-3,-.1E-6,0
UNKNOWN,,2026-10-06T10:41:34.929888,14.51339966,.00285462,81.2115,182.1057,96.3464,264.0982,0,U,270220,999,35489,.14110839E-2,.5664E-4,0
UNKNOWN,,2026-09-10T14:04:03.617472,12.95697744,.00334313,90.2603,8.5063,337.4162,22.5485,0,U,270222,999,31792,-.36246048E-3,-.96E-6,0
UNKNOWN,,2026-10-05T17:43:21.646272,13.41429546,.05109223,73.1487,281.4133,85.4547,280.4705,0,U,270224,999,32785,.19800292E-2,.2368E-4,0
UNKNOWN,,2026-09-30T09:29:19.305312,11.67002162,.03981489,101.2453,325.2608,64.8188,299.3574,0,U,270226,999,28909,-.11436037E-2,-.107E-5,0
UNKNOWN,,2026-10-03T10:24:28.468512,12.24582910,.01421079,74.0107,325.3297,293.8997,64.7207,0,U,270228,999,30186,.24181906E-3,.12E-6,0
UNKNOWN,,2026-10-07T00:01:07.214016,13.91475653,.01422035,98.9346,196.2616,312.5422,46.3803,0,U,270229,999,34347,.29350933E-3,.36E-5,0
UNKNOWN,,2026-10-05T15:55:20.999136,12.22002269,.03052836,102.9609,258.3360,283.4610,73.2593,0,U,270230,999,29936,.12758173E-1,.1523E-4,0
UNKNOWN,,2026-10-03T10:57:42.177024,12.93046628,.07051616,72.9660,337.8428,294.9340,58.0057,0,U,270232,999,31607,.27461944E-2,.2302E-4,0
UNKNOWN,,2026-10-04T07:26:23.217216,14.38643132,.00316104,98.6283,284.2773,206.7878,153.1678,0,U,270233,999,35098,.72418953E-4,.178E-5,0
UNKNOWN,,2026-09-18T18:44:34.547424,13.59486112,.01460079,82.9320,284.7615,38.4902,322.6549,0,U,270235,999,33428,.30809765E-3,.26E-5,0
UNKNOWN,,2026-10-04T23:54:45.830592,12.95599323,.0028756,90.2439,5.8647,235.4797,124.3607,0,U,270236,999,31658,.17668076E-2,.507E-5,0
UNKNOWN,,2026-10-06T13:01:31.717344,12.96172650,.00200077,90.2491,9.8042,357.3194,2.7816,0,U,270237,999,31569,.11138687E-1,.3184E-4,0
UNKNOWN,,2026-10-06T11:45:24.482880,12.80879465,.01210383,63.5224,202.2047,58.0961,303.1742,0,U,270238,999,31261,.14535931E-2,.271E-5,0
UNKNOWN,,2026-10-03T21:26:43.941696,12.28235043,.01987438,82.4577,149.9135,15.3967,345.3034,0,U,270239,999,594,.16144974E-1,.1986E-4,0
UNKNOWN,,2026-10-02T02:50:18.426912,12.65493808,.01028188,82.4244,53.7660,282.5682,76.3927,0,U,270240,999,30551,.19494087E-1,.3725E-4,0
UNKNOWN,,2026-10-03T00:00:03.093120,12.94414142,.0027856,90.2540,8.7762,331.2494,28.7088,0,U,270241,999,31465,.27700181E-3,.84E-6,0
UNKNOWN,,2026-09-10T14:20:34.581408,12.98641164,.00462412,90.2465,9.3821,140.4682,219.9827,0,U,270242,999,31253,-.37403239E-3,-.103E-5,0
UNKNOWN,,2026-10-03T07:16:46.807392,10.71483434,.09874687,101.8716,115.2292,200.5669,155.2749,0,U,270246,999,26131,.39159065E-3,-.1E-6,0
UNKNOWN,,2026-10-07T01:02:01.978080,12.78900069,.00756502,66.0654,71.4662,253.1169,106.1540,0,U,270247,999,31019,.61108155E-3,.78E-6,0
UNKNOWN,,2026-10-05T09:03:29.481120,12.25898704,.00550891,82.4630,154.3342,339.6223,20.2649,0,U,270248,999,29594,.35996381E-2,.412E-5,0
UNKNOWN,,2026-10-06T11:39:12.045312,12.95446624,.00274404,90.2473,8.9325,264.5763,95.2226,0,U,270249,999,31299,.20429509E-2,.584E-5,0
UNKNOWN,,2026-10-06T15:08:12.269184,12.60551236,.00996564,82.4577,59.9284,315.8575,43.4592,0,U,270250,999,30294,.78143601E-2,.1401E-4,0
UNKNOWN,,2026-10-06T21:53:03.253344,11.50414553,.07584545,102.3947,169.7099,55.8188,311.2388,0,U,270251,999,27768,.9617213E-1,.851E-4,0
UNKNOWN,,2026-10-05T05:39:07.862688,12.62411881,.00004691,51.9820,259.9906,284.9969,75.0845,0,U,270252,999,30644,.16886541E-3,-.73E-6,0
UNKNOWN,,2026-09-27T00:39:59.643360,13.00362679,.00340651,90.2506,9.1761,326.3908,33.5053,0,U,270253,999,31268,.1950555E-2,.598E-5,0
UNKNOWN,,2026-10-06T11:49:41.417472,12.93332875,.00321998,90.2562,10.1511,345.4213,14.5973,0,U,270256,999,31340,.29221781E-3,.87E-6,0
UNKNOWN,,2026-10-04T23:54:54.658080,12.95694463,.00312374,90.2551,11.8028,239.4853,120.3182,0,U,270262,999,31049,.10207632E-3,.36E-6,0
UNKNOWN,,2026-10-06T11:40:00.742080,14.35299773,.00349903,86.4399,355.9124,91.8487,268.6717,0,U,270263,999,34555,.29644555E-3,.874E-5,0
UNKNOWN,,2026-10-06T15:32:06.136800,13.15718941,.00158061,82.5458,66.4574,343.3632,16.6969,0,U,270264,999,31531,.14038667E-2,.542E-5,0
UNKNOWN,,2026-10-05T14:00:56.570976,12.74622620,.02649276,82.4052,36.0940,214.9553,143.3903,0,U,270265,999,30336,.26563778E-1,.6491E-4,0
UNKNOWN,,2026-10-04T04:34:06.499200,12.57975700,.00813131,82.4264,72.6477,302.1045,57.2169,0,U,270266,999,29938,.10684058E-1,.1836E-4,0
UNKNOWN,,2026-09-13T17:43:54.626880,12.96441030,.00268386,90.2481,8.6174,255.7186,104.0953,0,U,270267,999,30802,.8069691E-3,.238E-5,0
UNKNOWN,,2026-10-06T12:24:53.246880,12.98504191,.00312771,90.2519,11.3330,123.1862,237.2266,0,U,270268,999,31112,-.1874278E-2,-.545E-5,0
UNKNOWN,,2026-10-06T14:04:57.328896,13.30634379,.00818336,82.5876,27.8010,29.9932,330.5848,0,U,270269,999,31845,.1950806E-3,.107E-5,0
UNKNOWN,,2026-10-06T17:26:01.525056,12.98439769,.00331773,90.2603,15.0051,99.8346,260.6524,0,U,270274,999,31072,.21635522E-2,.646E-5,0
UNKNOWN,,2026-10-04T06:13:25.483872,13.94656456,.02895639,86.4378,270.3988,16.9179,344.1405,0,U,270275,999,5863,.14552E-2,.2777E-4,0
UNKNOWN,,2026-09-30T21:19:42.569760,14.50370565,.02365358,34.0998,338.8681,240.7908,116.8919,0,U,270278,999,33789,.13647266E-2,.7789E-4,0
UNKNOWN,,2026-10-06T11:54:23.323392,12.93748277,.00287262,90.2320,6.1490,231.2163,128.6389,0,U,270279,999,30824,.81545647E-3,.232E-5,0
UNKNOWN,,2026-09-29T12:59:49.503552,12.97009241,.00305557,90.2492,9.5381,96.6000,263.8600,0,U,270280,999,30824,-.72393289E-3,-.201E-5,0
UNKNOWN,,2026-10-02T22:32:09.924000,12.25652815,.04813934,82.7583,2.3020,130.6304,233.7682,0,U,270282,999,29374,-.10079831E-2,-.15E-5,0
UNKNOWN,,2026-10-03T23:57:27.351072,12.97946050,.01821846,82.7000,183.1067,268.7337,89.2898,0,U,270284,999,30553,.74754749E-2,.2368E-4,0
UNKNOWN,,2026-09-12T04:56:31.467264,13.03782259,.02024299,101.8211,256.1975,13.6144,347.0308,0,U,270286,999,4958,.26868661E-2,.889E-5,0
UNKNOWN,,2026-10-03T22:47:01.467456,12.95854330,.00325972,90.2488,8.6074,199.1543,160.8353,0,U,270288,999,30835,-.28150346E-3,-.73E-6,0
UNKNOWN,,2026-10-03T15:37:28.417440,14.36829811,.00197761,65.0096,55.1319,274.2437,85.6390,0,U,270289,999,65237,.22478665E-3,.565E-5,0
UNKNOWN,,2026-10-06T23:51:33.224256,14.34838066,.00183886,65.0083,50.4630,280.2253,79.6759,0,U,270290,999,65150,.11517973E-3,.227E-5,0
UNKNOWN,,2026-10-02T13:38:20.382144,12.50239545,.00178371,73.6042,21.1713,229.8902,130.0585,0,U,270292,999,31246,.24643473E-2,.358E-5,0
UNKNOWN,,2026-10-05T18:01:08.207616,14.55606728,.00068427,98.6965,95.3405,123.0191,237.1663,0,U,270293,999,36295,.20605389E-3,.85E-5,0
UNKNOWN,,2026-10-07T01:42:30.603456,14.31629586,.00743298,99.1798,225.0158,5.8609,354.3425,0,U,270294,999,35700,.5863792E-3,.1561E-4,0
UNKNOWN,,2026-10-07T01:57:25.829280,14.81992852,.00757364,97.7361,237.9910,181.7111,178.3855,0,U,270295,999,13307,.10910345E-2,.905E-4,0
UNKNOWN,,2026-10-06T00:19:48.173664,12.98122845,.00305692,90.2487,9.4545,86.7483,273.7134,0,U,270296,999,32391,.18711776E-2,.557E-5,0
UNKNOWN,,2026-10-06T12:49:12.741600,12.99547749,.00380744,90.2798,26.2848,1.8471,358.2784,0,U,270297,999,32418,.1000631E-2,.307E-5,0
UNKNOWN,,2026-10-06T03:22:40.309248,2.08658514,.7383571,59.9925,162.9846,85.7702,347.4170,0,U,270298,999,1785,.76746196E-2,.2539E-4,0
UNKNOWN,,2026-10-02T06:14:25.918080,12.96031623,.00267545,90.2573,14.4447,249.0532,110.7724,0,U,270299,999,30171,.15256411E-2,.442E-5,0
UNKNOWN,,2026-10-05T08:55:43.824864,14.53323649,.00320274,98.8281,320.4760,56.3789,304.0455,0,U,270300,999,12299,.39632871E-3,.1607E-4,0
UNKNOWN,,2026-10-07T07:13:44.391936,14.51232219,.00132451,98.9148,320.2212,247.6162,112.3628,0,U,270302,999,28996,.77374273E-3,.3029E-4,0
UNKNOWN,,2026-10-06T18:13:22.470240,14.38168017,.00084707,98.8421,270.8000,136.3228,223.8630,0,U,270305,999,28711,.36033097E-3,.1047E-4,0
UNKNOWN,,2026-10-04T12:10:06.154752,12.92778688,.00274022,90.2547,9.4947,8.4621,351.6954,0,U,270306,999,27874,.10532484E-2,.294E-5,0
UNKNOWN,,2026-10-06T10:57:50.475744,13.69923480,.01091476,82.6746,354.0672,152.4027,208.2979,0,U,270307,999,31760,.83745476E-2,.7675E-4,0
UNKNOWN,,2026-10-04T20:16:30.414144,13.01429988,.02379085,82.5772,136.4019,264.0697,93.3257,0,U,270308,999,31144,.11808112E-1,.4151E-4,0
UNKNOWN,,2026-10-07T05:09:53.234208,14.95816729,.00355799,98.4096,283.4237,54.2179,306.2339,0,U,270309,999,31242,.28668929E-3,.3173E-4,0
UNKNOWN,,2026-10-05T17:55:07.665600,13.48711613,.0195393,82.9368,89.0477,171.4002,189.0571,0,U,270310,999,27151,.78633466E-3,.566E-5,0
UNKNOWN,,2026-10-07T06:20:48.811776,14.55440221,.00199776,98.8129,285.7491,351.2981,8.7865,0,U,270311,999,28933,.99774981E-3,.43E-4,0
UNKNOWN,,2026-09-30T05:40:58.094400,14.18516250,.00298956,98.4611,266.1649,12.7531,347.4395,0,U,270312,999,35396,.14179393E-3,.253E-5,0
UNKNOWN,,2026-10-05T13:00:28.456128,12.95293339,.00250099,90.2572,13.7701,273.5424,86.2835,0,U,270313,999,31935,.30859242E-3,.94E-6,0
UNKNOWN,,2026-10-06T16:35:04.040736,12.94984303,.00235389,90.2533,9.5687,334.5079,25.4878,0,U,270314,999,30705,.26082772E-2,.739E-5,0
UNKNOWN,,2026-10-07T05:51:41.605920,14.22239057,.00094975,81.2041,99.5817,217.7963,142.2548,0,U,270316,999,30651,.11384612E-2,.2539E-4,0
UNKNOWN,,2026-10-06T11:49:13.923264,12.93429967,.00206343,90.2543,9.8994,337.7700,22.2522,0,U,270317,999,10918,.13519953E-2,.378E-5,0
UNKNOWN,,2026-10-05T17:12:47.616192,12.54909353,.04411568,103.0206,96.4017,140.2314,223.1981,0,U,270319,999,9955,.13421364E-1,.3079E-4,0
UNKNOWN,,2026-10-02T05:45:44.887968,12.99606131,.00263439,90.2494,7.6976,46.3448,313.9852,0,U,270320,999,25853,.22852373E-2,.692E-5,0
UNKNOWN,,2026-10-06T16:43:14.454048,12.92731884,.00291164,90.2560,9.3397,357.2953,2.8003,0,U,270321,999,28045,.45642675E-3,.131E-5,0
UNKNOWN,,2026-10-02T12:55:56.443008,12.93225495,.00288698,90.2505,8.8881,2.3489,357.7759,0,U,270322,999,25598,.33129434E-3,.98E-6,0
UNKNOWN,,2026-10-06T10:11:25.355328,14.47792783,.00413527,81.2823,161.4537,266.2908,93.3554,0,U,270323,999,32039,.58936622E-3,.2215E-4,0
UNKNOWN,,2026-10-04T15:57:40.739040,12.32579126,.06637681,66.0289,44.9486,156.0704,207.2702,0,U,270324,999,28465,.16587681E-3,-.11E-6,0
UNKNOWN,,2026-09-22T13:37:50.047104,13.01816827,.00352613,90.2439,6.1404,108.1119,252.3850,0,U,270326,999,30146,.3047867E-2,.951E-5,0
UNKNOWN,,2026-09-30T14:48:20.712096,12.95908365,.00295668,90.3040,37.2309,197.9575,162.0503,0,U,270327,999,27989,-.38136224E-3,-.101E-5,0
UNKNOWN,,2026-10-04T03:12:43.331904,12.95316195,.02010626,63.4600,57.1725,2.7806,357.4264,0,U,270328,999,30088,.4954361E-3,.75E-6,0
UNKNOWN,,2026-10-06T15:27:15.491520,14.37285488,.00024303,86.3936,241.8988,91.2397,268.9079,0,U,270329,999,29773,.10422896E-3,.33E-5,0
UNKNOWN,,2026-10-06T06:13:11.471520,13.42774278,.00431876,100.3149,104.1262,317.7616,42.0188,0,U,270330,999,28739,.19279537E-2,.1054E-4,0
UNKNOWN,,2026-09-18T06:33:55.846656,14.64740187,.00747915,86.4325,103.1421,219.2569,140.3207,0,U,270332,999,4616,.24639393E-2,.13709E-3,0
UNKNOWN,,2026-10-06T13:42:31.682592,14.31917521,.02026333,97.7309,24.7080,100.0649,262.3465,0,U,270333,999,9019,.11485783E-2,.3822E-4,0
UNKNOWN,,2026-10-06T23:48:58.296096,14.18749599,.01839726,86.4541,178.3730,316.6846,42.0000,0,U,270334,999,32390,.96994445E-3,.2399E-4,0
UNKNOWN,,2026-10-04T23:25:33.010464,14.14878553,.0083736,66.6631,166.1440,225.6608,133.7600,0,U,270335,999,27907,-.14911366E-4,-.113E-5,0
UNKNOWN,,2026-10-05T04:58:10.264800,14.27471588,.00053053,81.2855,252.6190,136.8040,223.3558,0,U,270336,999,27772,.12663093E-2,.3121E-4,0
UNKNOWN,,2026-10-06T11:52:06.089088,13.04916541,.00341413,90.1503,9.2325,168.0377,192.1566,0,U,270337,999,25685,.11265439E-2,.372E-5,0
UNKNOWN,,2026-10-04T02:39:52.621344,13.84441565,.01478378,99.1209,230.7551,100.7625,261.0212,0,U,270338,999,26796,.36944699E-3,.409E-5,0
UNKNOWN,,2026-10-05T20:52:29.107776,13.84114674,.01453608,98.7790,142.5646,41.1064,320.0936,0,U,270340,999,26884,.29068013E-3,.312E-5,0
UNKNOWN,,2026-10-06T07:23:03.844896,12.02108804,.08907404,83.2554,135.5205,162.7567,200.5946,0,U,270341,999,22547,.24915834E-2,.683E-5,0
UNKNOWN,,2026-10-07T05:01:48.013536,14.23230521,.00960978,98.6699,186.8941,135.9019,224.9874,0,U,270342,999,26501,.10694592E-2,.2495E-4,0
UNKNOWN,,2026-09-20T07:27:28.662624,12.46090218,.07244275,83.3897,288.5084,67.6694,299.9522,0,U,270343,999,22910,.11103728E-2,.429E-5,0
UNKNOWN,,2026-10-06T09:52:58.405440,13.06887413,.02775649,105.8363,164.8911,331.3135,27.2922,0,U,270344,999,24097,.11985416E-2,.399E-5,0
UNKNOWN,,2026-10-04T21:13:42.834720,12.04613462,.09319663,83.2855,140.5910,355.6051,3.7222,0,U,270345,999,22282,.94235181E-3,.306E-5,0
UNKNOWN,,2026-09-15T13:54:29.516256,12.98468669,.00325132,90.2387,358.7768,153.1798,207.1013,0,U,270346,999,23009,.24851765E-2,.741E-5,0
UNKNOWN,,2026-10-07T01:41:56.051232,13.21165841,.00264807,82.5475,47.2311,139.5862,220.7236,0,U,270349,999,22060,.32819982E-3,.147E-5,0
UNKNOWN,,2026-10-07T03:48:14.495904,2.10696742,.73194207,60.1188,187.3954,84.8858,347.1786,0,U,270353,999,3350,.28991334E-2,.317E-5,0
UNKNOWN,,2026-10-07T02:48:41.434272,2.04819344,.73756859,60.0091,202.8894,77.0303,349.5020,0,U,270354,999,3294,.40076081E-2,.719E-5,0
UNKNOWN,,2026-10-06T12:42:08.043264,4.36079246,.56665158,65.2393,335.0583,159.5428,237.9272,0,U,270357,999,7001,.68203583E-4,-.15E-6,0
UNKNOWN,,2026-10-06T22:40:59.432448,2.20508481,.73924632,61.9927,44.4956,57.3000,353.1671,0,U,270358,999,3235,.43184179E-3,.232772E-2,-.1087104E-5
UNKNOWN,,2026-10-06T04:16:27.660288,2.21192438,.72864039,60.1907,157.1405,89.5023,345.5970,0,U,270360,999,1875,.67367278E-2,.3581E-4,0
UNKNOWN,,2026-09-15T16:40:54.962112,9.11561559,.32937307,62.0196,43.4354,55.3733,331.5308,0,U,270365,999,43,.18787822E-2,.17497285E+0,.10059637E-4
UNKNOWN,,2026-09-20T04:39:14.248224,9.18778147,.23960412,44.9082,89.7019,205.8828,139.9725,0,U,270366,999,17223,.26544466E-3,.9E-7,0
UNKNOWN,,2026-10-06T09:27:11.115360,12.94899143,.03134504,82.4920,166.7623,25.5750,336.0495,0,U,270367,999,22335,.81928889E-2,.2878E-4,0
UNKNOWN,,2026-10-07T01:35:14.070048,15.04324112,.00055657,53.9796,113.0630,296.8370,63.2061,0,U,270368,999,24925,.45731065E-4,.369E-5,0
UNKNOWN,,2026-10-05T10:50:13.725600,14.41054042,.01158318,97.7407,353.6389,75.3084,286.0913,0,U,270370,999,22507,.16629214E-2,.5759E-4,0
UNKNOWN,,2026-10-06T11:11:27.655584,8.81239812,.21986109,85.6113,195.8280,181.3975,177.9925,0,U,270371,999,13644,-.17087915E-1,-.558E-5,0
UNKNOWN,,2026-10-05T15:22:45.100128,12.65949386,.02345369,82.4070,46.5395,246.3040,111.3286,0,U,270372,999,17958,.92907252E-2,.1953E-4,0
UNKNOWN,,2026-10-07T04:46:34.545216,14.06567338,.00663323,98.8645,268.9749,58.2671,302.4940,0,U,270373,999,19820,.16856821E-3,.242E-5,0
UNKNOWN,,2026-10-07T05:52:56.998560,14.14198652,.00355571,98.8146,280.3935,2.5991,357.5361,0,U,270374,999,19850,.26057109E-3,.456E-5,0
UNKNOWN,,2026-10-05T17:40:40.252800,12.51164703,.00888021,82.4187,84.3461,276.1481,82.9492,0,U,270375,999,17507,.91093107E-2,.1435E-4,0
UNKNOWN,,2026-10-06T07:13:06.986784,13.17819604,.00990943,102.9836,122.9314,30.7879,329.8988,0,U,270376,999,18178,.12474742E-1,.4927E-4,0
UNKNOWN,,2026-10-05T08:58:55.987968,14.47531859,.01143177,98.6226,329.1538,10.3104,350.0394,0,U,270377,999,19972,.1960763E-3,.731E-5,0
UNKNOWN,,2026-10-06T23:52:07.877568,13.20498007,.04206996,82.5437,124.9696,222.4219,134.3672,0,U,270378,999,18082,.59023359E-3,.39E-5,0
UNKNOWN,,2026-10-05T01:57:14.262048,12.81338496,.00689626,82.5386,207.0887,310.6714,48.8407,0,U,270379,999,8159,.35763939E-1,.8382E-4,0
UNKNOWN,,2026-10-07T05:00:24.159744,12.63358341,.0184172,82.3520,198.1540,250.5111,107.6004,0,U,270380,999,17301,-.21122295E-3,-.32E-6,0
UNKNOWN,,2026-10-05T17:09:44.862912,14.13052325,.0066237,98.8173,271.9252,46.5311,314.1344,0,U,270382,999,18952,.57048582E-3,.1044E-4,0
UNKNOWN,,2026-09-21T00:11:58.725312,12.22444856,.03414792,82.4008,163.0556,44.0715,318.7036,0,U,270383,999,16016,.43730329E-1,.5635E-4,0
UNKNOWN,,2026-10-06T03:10:47.916192,12.63919181,.02741254,82.4401,61.9289,237.1530,120.2903,0,U,270384,999,16704,.23112514E-1,.4899E-4,0
UNKNOWN,,2026-09-30T11:55:41.557728,8.89461603,.27994962,84.6697,343.1907,301.3087,34.3154,0,U,270385,999,11523,.23565823E-1,.8823E-4,0
UNKNOWN,,2026-10-05T14:11:27.643488,13.85282679,.01619511,98.9123,221.4818,176.2877,183.9523,0,U,270386,999,17884,.13319312E-3,.127E-5,0
UNKNOWN,,2026-10-06T16:18:45.786240,14.21111222,.00210441,81.2088,176.5342,356.4295,3.6728,0,U,270387,999,17588,.62446299E-3,.1371E-4,0
UNKNOWN,,2026-10-06T19:14:05.364672,13.20221055,.0399139,82.1758,103.6835,311.4309,45.3150,0,U,270388,999,631,.15547311E-1,.9518E-4,0
UNKNOWN,,2026-10-06T13:36:27.228384,12.79788235,.02232864,82.5549,208.3902,78.0572,284.5466,0,U,270389,999,15392,-.20635055E-2,-.506E-5,0
UNKNOWN,,2026-09-30T19:05:48.683904,13.94855019,.00247259,82.5162,293.4515,102.2761,258.1176,0,U,270390,999,34684,.13616909E-3,.199E-5,0
UNKNOWN,,2026-09-26T17:12:45.690336,13.95282512,.01259641,98.8889,231.4137,163.0950,197.4467,0,U,270391,999,19551,-.1211516E-3,-.217E-5,0
UNKNOWN,,2026-10-06T05:32:19.367808,14.12062109,.00414578,98.8381,279.6763,22.0853,338.2093,0,U,270392,999,19122,.21914011E-3,.361E-5,0
UNKNOWN,,2026-10-05T11:16:32.187936,14.18239910,.00185848,81.2264,183.2748,290.1611,69.7564,0,U,270393,999,17432,.98619127E-3,.2043E-4,0
UNKNOWN,,2026-10-06T23:57:11.992608,14.13598512,.007067,89.0357,266.6192,202.2592,157.5524,0,U,270394,999,11107,.69246629E-4,.148E-5,0
UNKNOWN,,2026-10-02T19:09:32.134176,14.57017741,.00743509,98.7779,303.8481,103.2641,257.6862,0,U,270395,999,12760,.2407584E-2,.11207E-3,0
UNKNOWN,,2026-10-07T00:05:48.532416,14.08256659,.01000917,89.1084,274.1242,226.0839,133.2052,0,U,270396,999,11097,.25156337E-3,.463E-5,0
UNKNOWN,,2026-10-07T00:12:44.487936,14.17844429,.00726116,89.0454,267.0585,207.2198,152.5178,0,U,270397,999,11158,.74575658E-3,.1575E-4,0
UNKNOWN,,2026-10-07T04:28:23.086848,14.09543440,.00921181,88.8555,250.0711,246.1917,112.9589,0,U,270398,999,11104,.82073332E-3,.1505E-4,0
UNKNOWN,,2026-10-06T21:59:04.075296,14.39523241,.00500589,88.9670,256.1668,320.1935,39.5597,0,U,270399,999,11342,.15231701E-3,.496E-5,0
UNKNOWN,,2026-10-06T23:13:02.617824,14.54196014,.01166916,88.9959,256.6747,240.2846,118.6710,0,U,270400,999,11459,.73101639E-4,.356E-5,0
UNKNOWN,,2026-10-06T23:37:22.413216,14.33084712,.00533093,89.0446,264.9405,215.5288,144.2356,0,U,270401,999,11270,.68363239E-3,.1917E-4,0
UNKNOWN,,2026-10-07T05:39:47.892672,14.53459161,.01116393,89.0275,260.0021,252.9806,105.9146,0,U,270402,999,11453,.13848063E-3,.643E-5,0
UNKNOWN,,2026-10-07T04:20:51.715968,14.50188647,.01153684,88.9465,252.3223,270.0272,88.7715,0,U,270403,999,11432,.69509261E-4,.31E-5,0
UNKNOWN,,2026-10-06T21:44:58.849152,14.28083410,.00535752,88.8850,250.1071,69.1577,291.5343,0,U,270404,999,11246,.14851642E-3,.39E-5,0
UNKNOWN,,2026-10-06T21:23:24.727488,14.17561730,.00632837,88.7599,240.0700,164.4081,195.9076,0,U,270405,999,11163,.14555815E-3,.317E-5,0
UNKNOWN,,2026-10-06T22:49:28.858080,14.13555323,.00732298,88.9971,262.9572,208.0449,151.6785,0,U,270406,999,11111,.2596493E-3,.515E-5,0
UNKNOWN,,2026-10-06T23:16:14.969280,14.11971412,.00826351,89.1946,281.5837,209.9136,149.7314,0,U,270407,999,11126,.17577745E-3,.345E-5,0
UNKNOWN,,2026-10-07T00:32:22.412832,14.03361870,.01238468,89.1744,280.6454,231.9673,127.0279,0,U,270408,999,6132,.12707866E-3,.225E-5,0
UNKNOWN,,2026-10-06T23:34:09.697152,14.25991743,.00238171,88.9994,261.4638,147.6987,212.5670,0,U,270409,999,11185,.26195958E-3,.641E-5,0
UNKNOWN,,2026-10-07T05:59:51.207072,14.36229830,.00345287,88.9494,254.8599,329.3098,30.6081,0,U,270410,999,11259,.96288455E-4,.297E-5,0
UNKNOWN,,2026-10-06T08:20:37.984704,14.28502893,.00189136,88.8750,249.0881,71.3259,288.9987,0,U,270411,999,11243,.57801785E-4,.16E-5,0
UNKNOWN,,2026-10-06T22:02:09.538080,14.20581738,.0041404,88.7203,235.7367,178.7242,181.4062,0,U,270412,999,11158,.21492901E-3,.481E-5,0
UNKNOWN,,2026-10-07T06:38:03.961536,14.72363046,.01403478,88.7541,229.4489,143.5576,217.5299,0,U,270413,999,11578,.22285629E-3,.1673E-4,0
UNKNOWN,,2026-10-06T22:49:14.064672,14.52536333,.01048743,89.0497,262.4426,267.0691,91.8512,0,U,270414,999,11436,.23037726E-3,.1027E-4,0
UNKNOWN,,2026-10-06T23:43:45.668928,14.50247881,.01109797,89.0709,264.8039,274.0568,84.7960,0,U,270415,999,11426,.128823E-3,.558E-5,0
UNKNOWN,,2026-10-06T22:40:44.092128,14.67163533,.01236532,88.9905,254.6291,193.3878,166.4050,0,U,270416,999,11527,.27154503E-3,.1733E-4,0
UNKNOWN,,2026-10-06T22:25:13.279008,14.59040168,.01413022,88.9169,247.8914,218.7597,140.3414,0,U,270417,999,11431,.56062866E-4,.322E-5,0
UNKNOWN,,2026-10-06T20:58:54.914016,14.18850843,.00658149,88.7583,239.6979,230.6061,128.9290,0,U,270418,999,11172,.18343132E-3,.404E-5,0
UNKNOWN,,2026-10-06T22:07:28.975296,14.10222122,.00873436,89.0605,269.4753,212.2042,147.3792,0,U,270419,999,11065,.75109007E-4,.151E-5,0
UNKNOWN,,2026-10-07T05:22:07.857120,14.69708521,.01110517,89.1119,267.0357,190.2910,169.6036,0,U,270420,999,11482,.3935604E-3,.2597E-4,0
UNKNOWN,,2026-10-07T05:06:53.167104,13.99206699,.01392378,88.9000,256.3274,269.6041,88.9182,0,U,270421,999,10957,.52793615E-3,.844E-5,0
UNKNOWN,,2026-10-06T21:25:14.316384,14.04903597,.01794957,88.9129,256.8354,194.7141,164.8779,0,U,270422,999,11067,.7994291E-4,.162E-5,0
UNKNOWN,,2026-10-07T05:22:04.865088,14.18092501,.0052146,88.9966,262.2680,205.7682,154.0909,0,U,270423,999,11033,.71884346E-4,.164E-5,0
UNKNOWN,,2026-10-06T21:42:10.160064,14.52422397,.00886593,88.8797,245.4143,226.3447,133.0388,0,U,270424,999,11390,.16828286E-3,.739E-5,0
UNKNOWN,,2026-10-05T18:17:45.103776,14.70962697,.01208007,88.4954,205.0841,134.7250,226.3883,0,U,270425,999,11367,.69548873E-3,.48E-4,0
UNKNOWN,,2026-10-06T22:38:40.448544,14.62037954,.01080804,89.0719,263.7025,222.6508,136.6279,0,U,270426,999,11300,.32973524E-3,.1816E-4,0
UNKNOWN,,2026-10-06T21:42:21.326400,14.67320928,.01013277,89.0154,257.5401,211.1448,148.3740,0,U,270427,999,11489,.54622015E-3,.3348E-4,0
UNKNOWN,,2026-10-06T23:02:34.534752,14.65893849,.01366759,89.0211,257.6865,182.0840,177.9825,0,U,270428,999,11466,.14710267E-3,.945E-5,0
UNKNOWN,,2026-10-07T03:46:32.571552,14.35378272,.00126808,87.8700,154.1312,193.1573,166.9296,0,U,270429,999,11146,.64941344E-3,.1881E-4,0
UNKNOWN,,2026-10-06T17:27:52.250112,14.16918167,.00587746,89.0989,272.1098,183.2774,176.8038,0,U,270430,999,11100,.12829772E-3,.276E-5,0
UNKNOWN,,2026-10-06T05:46:06.960576,14.14912998,.00817183,89.0275,265.8403,203.0451,156.7064,0,U,270431,999,10937,.61503024E-3,.124E-4,0
UNKNOWN,,2026-10-06T07:06:16.852032,14.16048329,.00633934,89.0680,269.3956,185.2161,174.8375,0,U,270432,999,10946,.13537813E-3,.286E-5,0
UNKNOWN,,2026-10-06T23:11:57.480864,14.15079393,.00640232,88.9946,262.5869,199.5905,160.2822,0,U,270433,999,10935,.96000063E-4,.204E-5,0
UNKNOWN,,2026-10-05T22:35:03.283872,14.12796741,.00958299,88.9519,259.2192,247.3470,111.7560,0,U,270434,999,10920,.56524961E-3,.1109E-4,0
UNKNOWN,,2026-10-07T06:57:48.291264,14.32473849,.00159658,88.7327,235.0399,178.4129,181.7122,0,U,270435,999,11077,.73570029E-3,.2009E-4,0
UNKNOWN,,2026-10-06T22:25:15.655872,14.53163695,.01034464,89.0489,262.2997,255.1368,103.8365,0,U,270436,999,11364,.19388053E-3,.877E-5,0
UNKNOWN,,2026-10-06T23:04:32.540736,14.17746243,.00611899,89.0192,264.6615,196.9643,162.9502,0,U,270437,999,10977,.3996881E-3,.843E-5,0
UNKNOWN,,2026-10-05T16:09:19.346976,14.13852306,.02171859,88.9201,256.0432,144.3793,217.2115,0,U,270438,999,10914,.24438121E-3,.597E-5,0
UNKNOWN,,2026-10-06T22:28:36.049440,14.63029257,.01351251,89.0107,257.0591,211.6227,147.6819,0,U,270439,999,11283,.15417687E-3,.921E-5,0
UNKNOWN,,2026-10-07T02:24:38.935296,14.67302883,.00837176,89.6043,315.3199,139.3642,221.3863,0,U,270440,999,11281,.11564879E-2,.6894E-4,0
UNKNOWN,,2026-10-06T22:47:42.147168,14.82458828,.01191522,89.0744,261.8434,132.7248,228.4084,0,U,270441,999,11386,.50254713E-3,.4588E-4,0
UNKNOWN,,2026-10-06T20:43:38.937504,14.34959375,.00756243,88.8142,242.1277,24.3466,336.1274,0,U,270442,999,11080,.35374324E-3,.1054E-4,0
UNKNOWN,,2026-10-06T23:19:22.509120,14.73621178,.01539634,89.0464,259.2418,141.6221,219.6075,0,U,270443,999,11389,.16800379E-3,.1348E-4,0
UNKNOWN,,2026-10-06T21:04:02.320032,14.78221821,.00385459,88.9551,251.2747,203.1714,156.7773,0,U,270444,999,11456,.21111477E-2,.15536E-3,0
UNKNOWN,,2026-10-06T21:05:58.178112,14.59802044,.00915586,88.8725,243.7645,213.2132,146.3314,0,U,270445,999,11272,.27185259E-3,.1395E-4,0
UNKNOWN,,2026-10-06T17:20:35.696832,14.55621698,.00974727,89.0771,264.9985,223.4097,135.9409,0,U,270447,999,11213,.15243551E-3,.726E-5,0
UNKNOWN,,2026-10-06T22:19:01.434144,14.14927867,.0070952,89.1452,276.6360,206.4182,153.3382,0,U,270448,999,10849,.28755971E-3,.583E-5,0
UNKNOWN,,2026-10-05T16:17:36.839904,14.19800631,.0043904,88.9831,260.9349,198.3632,161.5975,0,U,270449,999,10904,.94719218E-4,.217E-5,0
UNKNOWN,,2026-09-20T02:40:05.346336,16.04123316,.00041,70.0100,101.1798,294.7600,43.0801,0,U,290000,999,1,0,-.1275E-4,.4030262E-5
UNKNOWN,,2026-09-23T12:52:05.375712,16.08265163,.00062808,70.0020,91.0036,288.6197,71.4336,0,U,290001,999,56,-.36552175E-3,-.310141E-2,.42743496E-4
UNKNOWN,,2026-09-23T12:52:21.026208,16.08168163,.00065928,70.0020,91.0042,287.2575,72.7919,0,U,290002,999,56,-.29767608E-3,-.251393E-2,.29707711E-4
UNKNOWN,,2026-09-23T12:52:46.105536,16.07561975,.00061049,70.0016,91.0054,288.6493,71.4059,0,U,290003,999,56,-.60322532E-3,-.48828E-2,.96014489E-4
UNKNOWN,,2026-09-23T12:53:04.445664,16.07392199,.00057063,70.0014,91.0065,291.6493,68.4114,0,U,290004,999,56,-.69398315E-3,-.555188E-2,.12128479E-3
UNKNOWN,,2026-09-23T12:53:23.229024,16.07162154,.00060692,70.0023,91.0075,287.8975,72.1578,0,U,290005,999,56,-.60793413E-3,-.479909E-2,.92547552E-4
UNKNOWN,,2026-09-23T12:53:41.168256,16.06939555,.00062173,70.0022,91.0090,286.5890,73.4642,0,U,290006,999,56,-.55048777E-3,-.428857E-2,.75155821E-4
UNKNOWN,,2026-09-23T12:53:59.084160,16.06743067,.00062252,70.0023,91.0060,289.2900,70.7641,0,U,290007,999,56,-.54359054E-3,-.41838E-2,.71672294E-4
UNKNOWN,,2026-09-23T12:54:44.828640,16.06077898,.00060261,70.0015,91.0102,290.2599,69.7967,0,U,290008,999,56,-.8616502E-3,-.634811E-2,.15270227E-3
UNKNOWN,,2026-09-23T12:54:27.938304,16.06130277,.00059804,70.0014,91.0105,292.1540,67.9039,0,U,290009,999,56,-.11324186E-2,-.835359E-2,.2535327E-3
UNKNOWN,,2026-09-23T12:55:02.582976,16.05892079,.00064902,70.0028,91.0106,284.8100,75.2394,0,U,290010,999,56,-.72016758E-3,-.525318E-2,.10750767E-3
UNKNOWN,,2026-09-23T12:55:21.311904,16.05705185,.00068066,70.0036,91.0099,285.1548,74.8913,0,U,290011,999,56,-.67718593E-3,-.48865E-2,.93920612E-4
UNKNOWN,,2026-09-23T12:55:52.396896,16.05229007,.0005448,70.0020,91.0133,281.2242,78.8359,0,U,290012,999,56,-.71280212E-3,-.498962E-2,.97012494E-4
UNKNOWN,,2026-09-23T12:56:11.546592,16.05037757,.00057931,70.0020,91.0141,284.4063,75.6508,0,U,290013,999,56,-.81697579E-3,-.565026E-2,.12163523E-3
UNKNOWN,,2026-09-23T12:56:30.806880,16.04925465,.00057685,70.0019,91.0129,283.4867,76.5703,0,U,290014,999,56,-.75501616E-3,-.518855E-2,.10384093E-3
UNKNOWN,,2026-09-23T12:56:48.272640,16.04765485,.0005779,70.0018,91.0168,279.0224,81.0335,0,U,290015,999,56,-.77137534E-3,-.524949E-2,.10588476E-3
UNKNOWN,,2026-09-23T12:57:23.363136,16.04198681,.000614,70.0021,91.0185,285.5822,74.4713,0,U,290016,999,56,-.99438996E-3,-.653326E-2,.15735581E-3
UNKNOWN,,2026-09-23T12:57:42.972480,16.04057562,.00063796,70.0017,91.0195,285.2074,74.8434,0,U,290017,999,56,-.80022241E-3,-.522083E-2,.10392343E-3
UNKNOWN,,2026-09-23T12:58:02.668224,16.03847318,.00064372,70.0036,91.0203,286.1661,73.8843,0,U,290018,999,56,-.80418312E-3,-.51814E-2,.10222407E-3
UNKNOWN,,2026-09-23T12:58:20.895168,16.03675641,.00058452,70.0024,91.0218,283.8544,76.2018,0,U,290019,999,56,-.80381522E-3,-.512405E-2,.99948755E-4
UNKNOWN,,2026-09-23T13:00:09.734112,16.02445550,.00071049,70.0040,91.0244,286.0830,73.9600,0,U,290020,999,56,-.10731014E-2,-.635896E-2,.14659653E-3
UNKNOWN,,2026-09-23T12:58:41.293344,16.03414432,.00060822,70.0019,91.0226,281.3991,78.6538,0,U,290021,999,56,-.8523967E-3,-.534955E-2,.10784127E-3
UNKNOWN,,2026-09-23T12:59:00.142368,16.03123027,.00059283,70.0021,91.0231,284.2893,75.7661,0,U,290022,999,56,-.11486989E-2,-.707312E-2,.17986728E-3
UNKNOWN,,2026-09-23T11:30:53.806752,16.02721493,.0005171,70.0023,91.2121,245.5033,114.5641,0,U,290023,999,55,.58986843E-3,.353206E-2,.58577702E-4
UNKNOWN,,2026-09-23T12:59:16.638720,16.03095311,.00065541,70.0029,91.0236,285.2766,74.7722,0,U,290024,999,56,-.97518241E-3,-.600373E-2,.13286419E-3
UNKNOWN,,2026-09-23T13:00:28.730016,16.02290405,.00058032,70.0028,91.0272,283.8606,76.1960,0,U,290025,999,56,-.95730424E-3,-.561942E-2,.11649469E-3
UNKNOWN,,2026-09-23T13:01:08.246784,16.01712469,.00061227,70.0027,91.0297,285.6761,74.3775,0,U,290026,999,56,-.14134939E-2,-.800654E-2,.22243997E-3
UNKNOWN,,2026-09-23T02:32:05.574912,16.02919900,.00041257,70.0027,92.3189,287.3689,72.7072,0,U,290027,999,49,-.10650364E-2,-.647579E-2,.15245929E-3
